Tempo (s);Tensao (V);Corrente (A);Modo;Carga;Descarga
2.0;3.673;0.000;MANUAL;OFF;OFF
2.3;3.673;0.000;MANUAL;OFF;OFF
2.8;3.673;0.000;MANUAL;OFF;OFF
3.5;3.673;0.000;MANUAL;OFF;OFF
4.0;3.673;0.000;MANUAL;OFF;OFF
4.7;3.673;0.000;MANUAL;OFF;OFF
5.0;3.673;0.000;MANUAL;OFF;OFF
5.8;3.673;0.000;MANUAL;OFF;OFF
6.1;3.673;0.000;MANUAL;OFF;OFF
7.0;3.673;0.000;MANUAL;OFF;OFF
7.1;3.673;0.000;MANUAL;OFF;OFF
8.1;3.673;0.000;MANUAL;OFF;OFF
8.2;3.673;0.000;MANUAL;OFF;OFF
9.3;3.673;0.000;MANUAL;OFF;OFF
9.3;3.673;0.000;MANUAL;OFF;OFF
10.4;3.673;0.000;MANUAL;OFF;OFF
10.5;3.673;0.000;MANUAL;OFF;OFF
11.4;3.673;0.000;MANUAL;OFF;OFF
11.6;3.673;0.000;MANUAL;OFF;OFF
12.5;3.673;0.000;MANUAL;OFF;OFF
12.8;3.673;0.000;MANUAL;OFF;OFF
13.6;3.673;0.000;MANUAL;OFF;OFF
13.9;3.673;0.000;MANUAL;OFF;OFF
14.6;3.673;0.000;MANUAL;OFF;OFF
15.1;3.673;0.000;MANUAL;OFF;OFF
15.7;3.673;0.000;MANUAL;OFF;OFF
16.3;3.674;0.000;MANUAL;OFF;OFF
16.8;3.674;0.000;MANUAL;OFF;OFF
17.4;3.673;0.000;MANUAL;OFF;OFF
17.9;3.673;0.000;MANUAL;OFF;OFF
18.6;3.673;0.000;MANUAL;OFF;OFF
18.9;3.673;0.000;MANUAL;OFF;OFF
19.7;3.673;0.000;MANUAL;OFF;OFF
20.0;3.673;0.000;MANUAL;OFF;OFF
20.9;3.673;0.000;MANUAL;OFF;OFF
21.1;3.673;0.000;MANUAL;OFF;OFF
22.1;3.673;0.000;MANUAL;OFF;OFF
22.2;3.673;0.000;MANUAL;OFF;OFF
23.2;3.973;0.000;MANUAL;ON;OFF
23.2;3.973;0.000;MANUAL;ON;OFF
24.3;3.973;0.000;MANUAL;ON;OFF
24.4;4.076;0.000;MANUAL;ON;OFF
25.4;4.076;0.000;MANUAL;ON;OFF
25.5;4.083;0.000;MANUAL;ON;OFF
26.5;4.083;0.000;MANUAL;ON;OFF
26.7;4.088;0.000;MANUAL;ON;OFF
27.5;4.088;0.000;MANUAL;ON;OFF
27.9;4.093;0.000;MANUAL;ON;OFF
28.6;4.093;0.000;MANUAL;ON;OFF
29.0;4.096;0.000;MANUAL;ON;OFF
29.7;4.096;0.000;MANUAL;ON;OFF
30.2;4.100;0.000;MANUAL;ON;OFF
30.7;4.100;0.000;MANUAL;ON;OFF
31.3;4.103;0.000;MANUAL;ON;OFF
31.8;4.103;0.000;MANUAL;ON;OFF
32.5;4.105;0.000;MANUAL;ON;OFF
32.9;4.105;0.000;MANUAL;ON;OFF
33.7;4.108;0.000;MANUAL;ON;OFF
33.9;4.108;0.000;MANUAL;ON;OFF
34.8;4.111;0.000;MANUAL;ON;OFF
35.0;4.111;0.000;MANUAL;ON;OFF
36.0;4.112;0.000;MANUAL;ON;OFF
36.1;4.112;0.000;MANUAL;ON;OFF
37.1;4.112;0.000;MANUAL;ON;OFF
37.1;4.115;0.000;MANUAL;ON;OFF
38.2;4.115;0.000;MANUAL;ON;OFF
38.3;4.115;0.000;MANUAL;ON;OFF
39.3;4.115;0.000;MANUAL;ON;OFF
39.5;4.115;0.000;MANUAL;ON;OFF
40.3;4.115;0.000;MANUAL;ON;OFF
40.6;4.115;0.000;MANUAL;ON;OFF
41.4;4.115;0.000;MANUAL;ON;OFF
41.8;4.116;0.000;MANUAL;ON;OFF
42.5;4.116;0.000;MANUAL;ON;OFF
42.9;4.118;0.000;MANUAL;ON;OFF
43.6;4.118;0.000;MANUAL;ON;OFF
44.1;4.120;0.000;MANUAL;ON;OFF
44.6;4.120;0.000;MANUAL;ON;OFF
45.3;4.121;0.000;MANUAL;ON;OFF
45.7;4.121;0.000;MANUAL;ON;OFF
46.4;4.121;0.000;MANUAL;ON;OFF
46.8;4.121;0.000;MANUAL;ON;OFF
47.6;4.122;0.000;MANUAL;ON;OFF
47.8;4.122;0.000;MANUAL;ON;OFF
48.7;4.122;0.000;MANUAL;ON;OFF
48.9;4.122;0.000;MANUAL;ON;OFF
50.0;4.124;0.000;MANUAL;ON;OFF
50.0;4.124;0.000;MANUAL;ON;OFF
51.0;4.124;0.000;MANUAL;ON;OFF
51.1;4.125;0.000;MANUAL;ON;OFF
52.1;4.125;0.000;MANUAL;ON;OFF
52.2;4.125;0.000;MANUAL;ON;OFF
53.2;4.125;0.000;MANUAL;ON;OFF
53.4;4.126;0.000;MANUAL;ON;OFF
54.3;4.126;0.000;MANUAL;ON;OFF
54.5;4.127;0.000;MANUAL;ON;OFF
55.3;4.127;0.000;MANUAL;ON;OFF
55.7;4.127;0.000;MANUAL;ON;OFF
56.4;4.127;0.000;MANUAL;ON;OFF
56.9;4.130;0.000;MANUAL;ON;OFF
57.5;4.130;0.000;MANUAL;ON;OFF
58.0;4.130;0.000;MANUAL;ON;OFF
58.5;4.130;0.000;MANUAL;ON;OFF
59.2;4.130;0.000;MANUAL;ON;OFF
59.6;4.130;0.000;MANUAL;ON;OFF
60.3;4.131;0.000;MANUAL;ON;OFF
60.7;4.131;0.000;MANUAL;ON;OFF
61.5;4.131;0.000;MANUAL;ON;OFF
61.7;4.131;0.000;MANUAL;ON;OFF
62.7;4.131;0.000;MANUAL;ON;OFF
62.8;4.131;0.000;MANUAL;ON;OFF
63.9;4.133;0.000;MANUAL;ON;OFF
63.9;4.133;0.000;MANUAL;ON;OFF
65.0;4.133;0.000;MANUAL;ON;OFF
65.0;4.133;0.000;MANUAL;ON;OFF
66.0;4.133;0.000;MANUAL;ON;OFF
66.1;4.135;0.000;MANUAL;ON;OFF
67.1;4.135;0.000;MANUAL;ON;OFF
67.3;4.135;0.000;MANUAL;ON;OFF
68.2;4.135;0.000;MANUAL;ON;OFF
68.5;4.136;0.000;MANUAL;ON;OFF
69.2;4.136;0.000;MANUAL;ON;OFF
69.6;4.136;0.000;MANUAL;ON;OFF
70.3;4.136;0.000;MANUAL;ON;OFF
70.8;4.136;0.000;MANUAL;ON;OFF
71.4;4.136;0.000;MANUAL;ON;OFF
71.9;4.137;0.000;MANUAL;ON;OFF
72.5;4.137;0.000;MANUAL;ON;OFF
73.1;4.138;0.000;MANUAL;ON;OFF
73.6;4.138;0.000;MANUAL;ON;OFF
74.3;4.138;0.000;MANUAL;ON;OFF
74.6;4.138;0.000;MANUAL;ON;OFF
75.4;4.138;0.000;MANUAL;ON;OFF
75.7;4.138;0.000;MANUAL;ON;OFF
76.6;4.140;0.000;MANUAL;ON;OFF
76.8;4.140;0.000;MANUAL;ON;OFF
77.7;4.141;0.000;MANUAL;ON;OFF
77.8;4.141;0.000;MANUAL;ON;OFF
78.9;4.141;0.000;MANUAL;ON;OFF
78.9;4.141;0.000;MANUAL;ON;OFF
80.0;4.141;0.000;MANUAL;ON;OFF
80.1;4.141;0.000;MANUAL;ON;OFF
81.0;4.141;0.000;MANUAL;ON;OFF
81.2;4.143;0.000;MANUAL;ON;OFF
82.1;4.143;0.000;MANUAL;ON;OFF
82.4;4.141;0.000;MANUAL;ON;OFF
83.2;4.141;0.000;MANUAL;ON;OFF
83.5;4.143;0.000;MANUAL;ON;OFF
84.3;4.143;0.000;MANUAL;ON;OFF
84.7;4.143;0.000;MANUAL;ON;OFF
85.3;4.143;0.000;MANUAL;ON;OFF
85.9;4.143;0.000;MANUAL;ON;OFF
86.4;4.143;0.000;MANUAL;ON;OFF
87.0;4.144;0.000;MANUAL;ON;OFF
87.5;4.144;0.000;MANUAL;ON;OFF
88.2;4.144;0.000;MANUAL;ON;OFF
88.5;4.144;0.000;MANUAL;ON;OFF
89.3;4.144;0.000;MANUAL;ON;OFF
89.6;4.144;0.000;MANUAL;ON;OFF
90.5;4.145;0.000;MANUAL;ON;OFF
90.7;4.145;0.000;MANUAL;ON;OFF
91.7;4.145;0.000;MANUAL;ON;OFF
91.8;4.145;0.000;MANUAL;ON;OFF
92.8;4.145;0.000;MANUAL;ON;OFF
92.8;4.145;0.000;MANUAL;ON;OFF
93.9;4.145;0.000;MANUAL;ON;OFF
94.0;4.148;0.000;MANUAL;ON;OFF
95.0;4.148;0.000;MANUAL;ON;OFF
95.1;4.145;0.000;MANUAL;ON;OFF
96.0;4.145;0.000;MANUAL;ON;OFF
96.3;4.148;0.000;MANUAL;ON;OFF
97.1;4.148;0.000;MANUAL;ON;OFF
97.5;4.147;0.000;MANUAL;ON;OFF
98.2;4.147;0.000;MANUAL;ON;OFF
98.6;4.148;0.000;MANUAL;ON;OFF
99.2;4.148;0.000;MANUAL;ON;OFF
99.8;4.149;0.000;MANUAL;ON;OFF
100.3;4.149;0.000;MANUAL;ON;OFF
100.9;4.148;0.000;MANUAL;ON;OFF
101.3;4.148;0.000;MANUAL;ON;OFF
102.1;4.150;0.000;MANUAL;ON;OFF
102.4;4.150;0.000;MANUAL;ON;OFF
103.3;4.150;0.000;MANUAL;ON;OFF
103.5;4.150;0.000;MANUAL;ON;OFF
104.4;4.150;0.000;MANUAL;ON;OFF
104.6;4.150;0.000;MANUAL;ON;OFF
105.6;4.150;0.000;MANUAL;ON;OFF
105.7;4.150;0.000;MANUAL;ON;OFF
106.7;4.150;0.000;MANUAL;ON;OFF
106.7;4.150;0.000;MANUAL;ON;OFF
107.8;4.150;0.000;MANUAL;ON;OFF
107.9;4.150;0.000;MANUAL;ON;OFF
108.9;4.150;0.000;MANUAL;ON;OFF
109.1;4.151;0.000;MANUAL;ON;OFF
109.9;4.151;0.000;MANUAL;ON;OFF
110.2;4.151;0.000;MANUAL;ON;OFF
111.0;4.151;0.000;MANUAL;ON;OFF
111.4;4.151;0.000;MANUAL;ON;OFF
112.1;4.151;0.000;MANUAL;ON;OFF
112.5;4.152;0.000;MANUAL;ON;OFF
113.1;4.152;0.000;MANUAL;ON;OFF
113.7;4.150;0.000;MANUAL;ON;OFF
114.2;4.150;0.000;MANUAL;ON;OFF
114.9;4.153;0.000;MANUAL;ON;OFF
115.3;4.153;0.000;MANUAL;ON;OFF
116.0;4.151;0.000;MANUAL;ON;OFF
116.3;4.151;0.000;MANUAL;ON;OFF
117.2;4.152;0.000;MANUAL;ON;OFF
117.4;4.152;0.000;MANUAL;ON;OFF
118.3;4.153;0.000;MANUAL;ON;OFF
118.5;4.153;0.000;MANUAL;ON;OFF
119.5;4.153;0.000;MANUAL;ON;OFF
119.6;4.153;0.000;MANUAL;ON;OFF
120.6;4.153;0.000;MANUAL;ON;OFF
120.7;4.153;0.000;MANUAL;ON;OFF
121.7;4.153;0.000;MANUAL;ON;OFF
121.8;4.153;0.000;MANUAL;ON;OFF
122.8;4.153;0.000;MANUAL;ON;OFF
123.0;4.154;0.000;MANUAL;ON;OFF
123.8;4.154;0.000;MANUAL;ON;OFF
124.1;4.154;0.000;MANUAL;ON;OFF
124.9;4.154;0.000;MANUAL;ON;OFF
125.3;4.154;0.000;MANUAL;ON;OFF
126.0;4.154;0.000;MANUAL;ON;OFF
126.5;4.155;0.000;MANUAL;ON;OFF
127.0;4.155;0.000;MANUAL;ON;OFF
127.6;4.153;0.000;MANUAL;ON;OFF
128.1;4.153;0.000;MANUAL;ON;OFF
128.8;4.155;0.000;MANUAL;ON;OFF
129.2;4.155;0.000;MANUAL;ON;OFF
129.9;4.155;0.000;MANUAL;ON;OFF
130.3;4.155;0.000;MANUAL;ON;OFF
131.1;4.155;0.000;MANUAL;ON;OFF
131.3;4.155;0.000;MANUAL;ON;OFF
132.3;4.156;0.000;MANUAL;ON;OFF
132.4;4.156;0.000;MANUAL;ON;OFF
133.5;4.156;0.000;MANUAL;ON;OFF
133.5;4.156;0.000;MANUAL;ON;OFF
134.6;4.156;0.000;MANUAL;ON;OFF
134.6;4.155;0.000;MANUAL;ON;OFF
135.6;4.155;0.000;MANUAL;ON;OFF
135.7;4.138;0.000;MANUAL;ON;OFF
136.7;4.138;0.000;MANUAL;ON;OFF
136.9;4.145;0.000;MANUAL;ON;OFF
137.8;4.145;0.000;MANUAL;ON;OFF
138.1;4.145;0.000;MANUAL;ON;OFF
138.9;4.145;0.000;MANUAL;ON;OFF
139.2;4.146;0.000;MANUAL;ON;OFF
139.9;4.146;0.000;MANUAL;ON;OFF
140.4;4.146;0.000;MANUAL;ON;OFF
141.0;4.146;0.000;MANUAL;ON;OFF
141.5;4.146;0.000;MANUAL;ON;OFF
142.1;4.146;0.000;MANUAL;ON;OFF
142.7;4.146;0.000;MANUAL;ON;OFF
143.2;4.146;0.000;MANUAL;ON;OFF
143.9;4.147;0.000;MANUAL;ON;OFF
144.3;4.147;0.000;MANUAL;ON;OFF
145.0;4.148;0.000;MANUAL;ON;OFF
145.4;4.148;0.000;MANUAL;ON;OFF
146.2;4.148;0.000;MANUAL;ON;OFF
146.5;4.148;0.000;MANUAL;ON;OFF
147.3;4.149;0.000;MANUAL;ON;OFF
147.6;4.149;0.000;MANUAL;ON;OFF
148.5;4.150;0.000;MANUAL;ON;OFF
148.7;4.150;0.000;MANUAL;ON;OFF
149.7;4.149;0.000;MANUAL;ON;OFF
149.7;4.149;0.000;MANUAL;ON;OFF
150.8;4.149;0.000;MANUAL;ON;OFF
150.9;4.149;0.000;MANUAL;ON;OFF
151.9;4.149;0.000;MANUAL;ON;OFF
152.0;4.148;0.000;MANUAL;ON;OFF
152.9;4.148;0.000;MANUAL;ON;OFF
153.1;4.149;0.000;MANUAL;ON;OFF
154.0;4.149;0.000;MANUAL;ON;OFF
154.3;4.148;0.000;MANUAL;ON;OFF
155.1;4.148;0.000;MANUAL;ON;OFF
155.5;4.149;0.000;MANUAL;ON;OFF
156.2;4.149;0.000;MANUAL;ON;OFF
156.6;4.150;0.000;MANUAL;ON;OFF
157.2;4.150;0.000;MANUAL;ON;OFF
157.8;4.150;0.000;MANUAL;ON;OFF
158.3;4.150;0.000;MANUAL;ON;OFF
158.9;4.150;0.000;MANUAL;ON;OFF
159.4;4.150;0.000;MANUAL;ON;OFF
160.1;4.150;0.000;MANUAL;ON;OFF
160.5;4.150;0.000;MANUAL;ON;OFF
161.3;4.150;0.000;MANUAL;ON;OFF
161.5;4.150;0.000;MANUAL;ON;OFF
162.4;4.150;0.000;MANUAL;ON;OFF
162.6;4.150;0.000;MANUAL;ON;OFF
163.6;4.150;0.000;MANUAL;ON;OFF
163.7;4.150;0.000;MANUAL;ON;OFF
164.8;4.150;0.000;MANUAL;ON;OFF
164.8;4.150;0.000;MANUAL;ON;OFF
165.8;4.150;0.000;MANUAL;ON;OFF
165.9;4.151;0.000;MANUAL;ON;OFF
166.9;4.151;0.000;MANUAL;ON;OFF
167.1;4.150;0.000;MANUAL;ON;OFF
168.0;4.150;0.000;MANUAL;ON;OFF
168.2;4.151;0.000;MANUAL;ON;OFF
169.0;4.151;0.000;MANUAL;ON;OFF
169.4;4.151;0.000;MANUAL;ON;OFF
170.1;4.151;0.000;MANUAL;ON;OFF
170.5;4.151;0.000;MANUAL;ON;OFF
171.2;4.151;0.000;MANUAL;ON;OFF
171.7;4.151;0.000;MANUAL;ON;OFF
172.3;4.151;0.000;MANUAL;ON;OFF
172.9;4.151;0.000;MANUAL;ON;OFF
173.3;4.151;0.000;MANUAL;ON;OFF
174.0;4.150;0.000;MANUAL;ON;OFF
174.4;4.150;0.000;MANUAL;ON;OFF
175.2;4.151;0.000;MANUAL;ON;OFF
175.5;4.151;0.000;MANUAL;ON;OFF
176.3;4.150;0.000;MANUAL;ON;OFF
176.5;4.150;0.000;MANUAL;ON;OFF
177.5;4.151;0.000;MANUAL;ON;OFF
177.6;4.151;0.000;MANUAL;ON;OFF
178.7;4.151;0.000;MANUAL;ON;OFF
178.7;4.151;0.000;MANUAL;ON;OFF
179.8;4.151;0.000;MANUAL;ON;OFF
179.8;4.151;0.000;MANUAL;ON;OFF
180.8;4.151;0.000;MANUAL;ON;OFF
181.0;4.151;0.000;MANUAL;ON;OFF
181.9;4.151;0.000;MANUAL;ON;OFF
182.1;4.151;0.000;MANUAL;ON;OFF
183.0;4.151;0.000;MANUAL;ON;OFF
183.3;4.151;0.000;MANUAL;ON;OFF
184.1;4.151;0.000;MANUAL;ON;OFF
184.5;4.151;0.000;MANUAL;ON;OFF
185.1;4.151;0.000;MANUAL;ON;OFF
185.6;4.152;0.000;MANUAL;ON;OFF
186.2;4.152;0.000;MANUAL;ON;OFF
186.8;4.151;0.000;MANUAL;ON;OFF
187.3;4.151;0.000;MANUAL;ON;OFF
187.9;4.151;0.000;MANUAL;ON;OFF
188.4;4.151;0.000;MANUAL;ON;OFF
189.1;4.152;0.000;MANUAL;ON;OFF
189.4;4.152;0.000;MANUAL;ON;OFF
190.3;4.151;0.000;MANUAL;ON;OFF
190.5;4.151;0.000;MANUAL;ON;OFF
191.4;4.152;0.000;MANUAL;ON;OFF
191.6;4.152;0.000;MANUAL;ON;OFF
192.6;4.152;0.000;MANUAL;ON;OFF
192.7;4.152;0.000;MANUAL;ON;OFF
193.7;4.151;0.000;MANUAL;ON;OFF
193.7;4.151;0.000;MANUAL;ON;OFF
194.8;4.151;0.000;MANUAL;ON;OFF
194.9;4.153;0.000;MANUAL;ON;OFF
195.9;4.153;0.000;MANUAL;ON;OFF
196.1;4.153;0.000;MANUAL;ON;OFF
197.0;4.153;0.000;MANUAL;ON;OFF
197.2;4.153;0.000;MANUAL;ON;OFF
198.0;4.153;0.000;MANUAL;ON;OFF
198.4;4.154;0.000;MANUAL;ON;OFF
199.1;4.154;0.000;MANUAL;ON;OFF
199.5;4.154;0.000;MANUAL;ON;OFF
200.2;4.154;0.000;MANUAL;ON;OFF
200.7;4.154;0.000;MANUAL;ON;OFF
201.3;4.154;0.000;MANUAL;ON;OFF
201.9;4.154;0.000;MANUAL;ON;OFF
202.4;4.154;0.000;MANUAL;ON;OFF
203.0;4.155;0.000;MANUAL;ON;OFF
203.5;4.155;0.000;MANUAL;ON;OFF
204.2;4.153;0.000;MANUAL;ON;OFF
204.6;4.153;0.000;MANUAL;ON;OFF
205.3;4.155;0.000;MANUAL;ON;OFF
205.7;4.155;0.000;MANUAL;ON;OFF
206.5;4.153;0.000;MANUAL;ON;OFF
206.7;4.153;0.000;MANUAL;ON;OFF
207.7;4.153;0.000;MANUAL;ON;OFF
207.8;4.153;0.000;MANUAL;ON;OFF
208.9;4.154;0.000;MANUAL;ON;OFF
208.9;4.154;0.000;MANUAL;ON;OFF
210.0;4.154;0.000;MANUAL;ON;OFF
210.0;4.154;0.000;MANUAL;ON;OFF
211.1;4.154;0.000;MANUAL;ON;OFF
211.1;4.153;0.000;MANUAL;ON;OFF
212.1;4.153;0.000;MANUAL;ON;OFF
212.3;4.155;0.000;MANUAL;ON;OFF
213.2;4.155;0.000;MANUAL;ON;OFF
213.5;4.154;0.000;MANUAL;ON;OFF
214.3;4.154;0.000;MANUAL;ON;OFF
214.6;4.153;0.000;MANUAL;ON;OFF
215.4;4.153;0.000;MANUAL;ON;OFF
215.8;4.154;0.000;MANUAL;ON;OFF
216.4;4.154;0.000;MANUAL;ON;OFF
216.9;4.155;0.000;MANUAL;ON;OFF
217.5;4.155;0.000;MANUAL;ON;OFF
218.1;4.152;0.000;MANUAL;ON;OFF
218.6;4.152;0.000;MANUAL;ON;OFF
219.3;4.155;0.000;MANUAL;ON;OFF
219.7;4.155;0.000;MANUAL;ON;OFF
220.4;4.155;0.000;MANUAL;ON;OFF
220.7;4.155;0.000;MANUAL;ON;OFF
221.6;4.155;0.000;MANUAL;ON;OFF
221.8;4.155;0.000;MANUAL;ON;OFF
222.8;4.154;0.000;MANUAL;ON;OFF
222.9;4.154;0.000;MANUAL;ON;OFF
223.9;4.154;0.000;MANUAL;ON;OFF
223.9;4.154;0.000;MANUAL;ON;OFF
225.0;4.154;0.000;MANUAL;ON;OFF
225.1;4.155;0.000;MANUAL;ON;OFF
226.1;4.155;0.000;MANUAL;ON;OFF
226.2;4.154;0.000;MANUAL;ON;OFF
227.1;4.154;0.000;MANUAL;ON;OFF
227.4;4.155;0.000;MANUAL;ON;OFF
228.2;4.155;0.000;MANUAL;ON;OFF
228.5;4.155;0.000;MANUAL;ON;OFF
229.3;4.155;0.000;MANUAL;ON;OFF
229.7;4.156;0.000;MANUAL;ON;OFF
230.3;4.156;0.000;MANUAL;ON;OFF
230.9;4.155;0.000;MANUAL;ON;OFF
231.4;4.155;0.000;MANUAL;ON;OFF
232.0;4.155;0.000;MANUAL;ON;OFF
232.5;4.155;0.000;MANUAL;ON;OFF
233.2;4.155;0.000;MANUAL;ON;OFF
233.5;4.155;0.000;MANUAL;ON;OFF
234.4;4.156;0.000;MANUAL;ON;OFF
234.6;4.156;0.000;MANUAL;ON;OFF
235.5;4.155;0.000;MANUAL;ON;OFF
235.7;4.155;0.000;MANUAL;ON;OFF
236.7;4.155;0.000;MANUAL;ON;OFF
236.7;4.155;0.000;MANUAL;ON;OFF
237.8;4.155;0.000;MANUAL;ON;OFF
237.8;4.156;0.000;MANUAL;ON;OFF
238.9;4.156;0.000;MANUAL;ON;OFF
239.0;4.155;0.000;MANUAL;ON;OFF
239.9;4.155;0.000;MANUAL;ON;OFF
240.1;4.155;0.000;MANUAL;ON;OFF
241.0;4.155;0.000;MANUAL;ON;OFF
241.3;4.156;0.000;MANUAL;ON;OFF
242.1;4.156;0.000;MANUAL;ON;OFF
242.5;4.155;0.000;MANUAL;ON;OFF
243.1;4.155;0.000;MANUAL;ON;OFF
243.6;4.156;0.000;MANUAL;ON;OFF
244.2;4.156;0.000;MANUAL;ON;OFF
244.8;4.156;0.000;MANUAL;ON;OFF
245.3;4.156;0.000;MANUAL;ON;OFF
245.9;4.156;0.000;MANUAL;ON;OFF
246.3;4.156;0.000;MANUAL;ON;OFF
247.1;4.156;0.000;MANUAL;ON;OFF
247.4;4.156;0.000;MANUAL;ON;OFF
248.3;4.156;0.000;MANUAL;ON;OFF
248.5;4.156;0.000;MANUAL;ON;OFF
249.4;4.156;0.000;MANUAL;ON;OFF
249.6;4.156;0.000;MANUAL;ON;OFF
250.6;4.157;0.000;MANUAL;ON;OFF
250.6;4.157;0.000;MANUAL;ON;OFF
251.7;4.157;0.000;MANUAL;ON;OFF
251.8;4.156;0.000;MANUAL;ON;OFF
252.8;4.156;0.000;MANUAL;ON;OFF
252.9;4.157;0.000;MANUAL;ON;OFF
253.9;4.157;0.000;MANUAL;ON;OFF
254.1;4.156;0.000;MANUAL;ON;OFF
255.0;4.156;0.000;MANUAL;ON;OFF
255.2;4.156;0.000;MANUAL;ON;OFF
256.0;4.156;0.000;MANUAL;ON;OFF
256.4;4.157;0.000;MANUAL;ON;OFF
257.1;4.157;0.000;MANUAL;ON;OFF
257.6;4.195;0.000;MANUAL;ON;OFF
258.1;4.195;0.000;MANUAL;ON;OFF
259.3;4.195;0.000;MANUAL;ON;OFF
260.3;4.195;0.000;MANUAL;ON;OFF
261.4;4.195;0.000;MANUAL;ON;OFF
262.5;4.195;0.000;MANUAL;ON;OFF
263.6;4.195;0.000;MANUAL;ON;OFF
264.7;4.195;0.000;MANUAL;ON;OFF
265.7;4.195;0.000;MANUAL;ON;OFF
266.8;4.195;0.000;MANUAL;ON;OFF
267.9;4.195;0.000;MANUAL;ON;OFF
268.9;4.195;0.000;MANUAL;ON;OFF
270.0;4.195;0.000;MANUAL;ON;OFF
271.1;4.195;0.000;MANUAL;ON;OFF
272.2;4.195;0.000;MANUAL;ON;OFF
273.2;4.195;0.000;MANUAL;ON;OFF
274.3;4.195;0.000;MANUAL;ON;OFF
275.4;4.195;0.000;MANUAL;ON;OFF
276.5;4.195;0.000;MANUAL;ON;OFF
277.5;4.195;0.000;MANUAL;ON;OFF
278.6;4.195;0.000;MANUAL;ON;OFF
279.7;4.195;0.000;MANUAL;ON;OFF
280.7;4.195;0.000;MANUAL;ON;OFF
281.8;4.195;0.000;MANUAL;ON;OFF
282.9;4.195;0.000;MANUAL;ON;OFF
284.0;4.195;0.000;MANUAL;ON;OFF
285.0;4.195;0.000;MANUAL;ON;OFF
286.1;4.195;0.000;MANUAL;ON;OFF
287.2;4.195;0.000;MANUAL;ON;OFF
288.3;4.195;0.000;MANUAL;ON;OFF
289.3;4.195;0.000;MANUAL;ON;OFF
290.4;4.195;0.000;MANUAL;ON;OFF
291.4;4.195;0.000;MANUAL;ON;OFF
292.5;4.195;0.000;MANUAL;ON;OFF
293.6;4.195;0.000;MANUAL;ON;OFF
294.6;4.195;0.000;MANUAL;ON;OFF
295.7;4.195;0.000;MANUAL;ON;OFF
296.8;4.195;0.000;MANUAL;ON;OFF
297.9;4.195;0.000;MANUAL;ON;OFF
298.9;4.195;0.000;MANUAL;ON;OFF
300.0;4.195;0.000;MANUAL;ON;OFF
301.1;4.195;0.000;MANUAL;ON;OFF
302.2;4.195;0.000;MANUAL;ON;OFF
303.3;4.195;0.000;MANUAL;ON;OFF
304.3;4.195;0.000;MANUAL;ON;OFF
305.4;4.195;0.000;MANUAL;ON;OFF
306.5;4.195;0.000;MANUAL;ON;OFF
307.5;4.195;0.000;MANUAL;ON;OFF
308.6;4.195;0.000;MANUAL;ON;OFF
309.7;4.195;0.000;MANUAL;ON;OFF
310.7;4.195;0.000;MANUAL;ON;OFF
311.8;4.195;0.000;MANUAL;ON;OFF
312.9;4.195;0.000;MANUAL;ON;OFF
314.0;4.195;0.000;MANUAL;ON;OFF
315.1;4.195;0.000;MANUAL;ON;OFF
316.2;4.195;0.000;MANUAL;ON;OFF
317.2;4.195;0.000;MANUAL;ON;OFF
318.3;4.195;0.000;MANUAL;ON;OFF
319.3;4.195;0.000;MANUAL;ON;OFF
320.4;4.195;0.000;MANUAL;ON;OFF
321.5;4.195;0.000;MANUAL;ON;OFF
322.6;4.195;0.000;MANUAL;ON;OFF
323.7;4.195;0.000;MANUAL;ON;OFF
324.7;4.195;0.000;MANUAL;ON;OFF
325.8;4.195;0.000;MANUAL;ON;OFF
326.9;4.195;0.000;MANUAL;ON;OFF
328.0;4.195;0.000;MANUAL;ON;OFF
329.0;4.195;0.000;MANUAL;ON;OFF
330.1;4.195;0.000;MANUAL;ON;OFF
331.2;4.195;0.000;MANUAL;ON;OFF
332.2;4.195;0.000;MANUAL;ON;OFF
333.3;4.195;0.000;MANUAL;ON;OFF
334.4;4.195;0.000;MANUAL;ON;OFF
335.5;4.195;0.000;MANUAL;ON;OFF
336.5;4.195;0.000;MANUAL;ON;OFF
337.6;4.195;0.000;MANUAL;ON;OFF
338.7;4.195;0.000;MANUAL;ON;OFF
339.7;4.195;0.000;MANUAL;ON;OFF
340.8;4.195;0.000;MANUAL;ON;OFF
341.9;4.195;0.000;MANUAL;ON;OFF
343.0;4.195;0.000;MANUAL;ON;OFF
344.0;4.195;0.000;MANUAL;ON;OFF
345.1;4.195;0.000;MANUAL;ON;OFF
346.2;4.195;0.000;MANUAL;ON;OFF
347.3;4.195;0.000;MANUAL;ON;OFF
348.4;4.195;0.000;MANUAL;ON;OFF
349.4;4.195;0.000;MANUAL;ON;OFF
350.5;4.195;0.000;MANUAL;ON;OFF
351.6;4.195;0.000;MANUAL;ON;OFF
352.6;4.195;0.000;MANUAL;ON;OFF
353.7;4.195;0.000;MANUAL;ON;OFF
354.8;4.195;0.000;MANUAL;ON;OFF
355.9;4.195;0.000;MANUAL;ON;OFF
357.0;4.195;0.000;MANUAL;ON;OFF
358.1;4.195;0.000;MANUAL;ON;OFF
359.1;4.195;0.000;MANUAL;ON;OFF
360.2;4.195;0.000;MANUAL;ON;OFF
361.3;4.195;0.000;MANUAL;ON;OFF
362.3;4.195;0.000;MANUAL;ON;OFF
363.4;4.195;0.000;MANUAL;ON;OFF
364.5;4.195;0.000;MANUAL;ON;OFF
365.6;4.195;0.000;MANUAL;ON;OFF
366.6;4.195;0.000;MANUAL;ON;OFF
367.7;4.195;0.000;MANUAL;ON;OFF
368.8;4.195;0.000;MANUAL;ON;OFF
369.9;4.195;0.000;MANUAL;ON;OFF
370.9;4.195;0.000;MANUAL;ON;OFF
372.0;4.195;0.000;MANUAL;ON;OFF
373.1;4.195;0.000;MANUAL;ON;OFF
374.2;4.195;0.000;MANUAL;ON;OFF
375.2;4.195;0.000;MANUAL;ON;OFF
376.3;4.195;0.000;MANUAL;ON;OFF
377.4;4.195;0.000;MANUAL;ON;OFF
378.5;4.195;0.000;MANUAL;ON;OFF
379.5;4.195;0.000;MANUAL;ON;OFF
380.6;4.195;0.000;MANUAL;ON;OFF
381.7;4.195;0.000;MANUAL;ON;OFF
382.8;4.195;0.000;MANUAL;ON;OFF
383.9;4.195;0.000;MANUAL;ON;OFF
461.3;4.195;0.000;MANUAL;ON;OFF
462.4;4.195;0.000;MANUAL;ON;OFF
463.5;4.195;0.000;MANUAL;ON;OFF
464.5;4.195;0.000;MANUAL;ON;OFF
465.6;4.195;0.000;MANUAL;ON;OFF
466.7;4.195;0.000;MANUAL;ON;OFF
