Tempo (s);Tensao (V);Corrente (A);Modo;Carga;Descarga;Ciclo
0.0;;;AUTO;OFF;OFF;0
1.1;;;AUTO;OFF;OFF;0
2.1;4.175;0.000;AUTO;ON;OFF;0
3.1;4.182;0.000;AUTO;ON;OFF;0
4.1;4.188;0.000;AUTO;ON;OFF;0
5.1;4.188;0.000;AUTO;ON;OFF;0
6.1;4.192;0.000;AUTO;ON;OFF;0
7.1;4.192;0.000;AUTO;ON;OFF;0
8.1;4.194;0.000;AUTO;ON;OFF;0
9.1;4.196;0.000;AUTO;ON;OFF;0
10.2;4.197;0.000;AUTO;ON;OFF;0
11.2;4.197;0.000;AUTO;ON;OFF;0
12.2;4.197;0.000;AUTO;ON;OFF;0
13.2;4.198;0.000;AUTO;ON;OFF;0
14.2;4.199;0.000;AUTO;ON;OFF;0
15.2;4.199;0.000;AUTO;ON;OFF;0
16.2;4.199;0.000;AUTO;ON;OFF;0
17.2;4.199;0.000;AUTO;ON;OFF;0
18.3;4.201;0.000;AUTO;OFF;ON;0
19.3;3.532;0.000;MANUAL;OFF;OFF;1
20.3;3.532;0.000;MANUAL;OFF;OFF;1
21.3;3.766;0.000;MANUAL;OFF;OFF;1
22.3;3.764;0.000;MANUAL;OFF;OFF;1
23.3;3.762;0.000;MANUAL;OFF;OFF;1
24.3;3.761;0.000;MANUAL;OFF;OFF;1
25.3;3.760;0.000;MANUAL;OFF;OFF;1
26.3;3.759;0.000;MANUAL;OFF;OFF;1
27.3;3.757;0.000;MANUAL;OFF;OFF;1
28.3;3.757;0.000;MANUAL;OFF;OFF;1
29.4;3.756;0.000;MANUAL;OFF;OFF;1
30.4;3.756;0.000;MANUAL;OFF;OFF;1
31.4;3.754;0.000;MANUAL;OFF;OFF;1
32.4;3.754;0.000;MANUAL;OFF;OFF;1
33.4;3.753;0.000;MANUAL;OFF;OFF;1
34.4;3.752;0.000;MANUAL;OFF;OFF;1
35.4;3.752;0.000;MANUAL;OFF;OFF;1
36.4;3.752;0.000;MANUAL;OFF;OFF;1
37.4;3.751;0.000;MANUAL;OFF;OFF;1
38.4;3.750;0.000;MANUAL;OFF;OFF;1
39.4;3.750;0.000;MANUAL;OFF;OFF;1
40.4;3.749;0.000;MANUAL;OFF;OFF;1
41.4;3.749;0.000;MANUAL;OFF;OFF;1
42.5;3.749;0.000;MANUAL;OFF;OFF;1
43.5;3.749;0.000;MANUAL;OFF;OFF;1
44.5;3.748;0.000;MANUAL;OFF;OFF;1
45.5;3.748;0.000;MANUAL;OFF;OFF;1
46.5;3.747;0.000;MANUAL;OFF;OFF;1
47.5;3.747;0.000;MANUAL;OFF;OFF;1
48.5;3.747;0.000;MANUAL;OFF;OFF;1
49.5;3.747;0.000;MANUAL;OFF;OFF;1
50.5;3.747;0.000;MANUAL;OFF;OFF;1
51.5;3.747;0.000;MANUAL;OFF;OFF;1
52.5;3.746;0.000;MANUAL;OFF;OFF;1
53.5;3.746;0.000;MANUAL;OFF;OFF;1
54.5;3.745;0.000;MANUAL;OFF;OFF;1
55.5;3.745;0.000;MANUAL;OFF;OFF;1
56.6;3.745;0.000;MANUAL;OFF;OFF;1
57.6;3.745;0.000;MANUAL;OFF;OFF;1
58.6;3.745;0.000;MANUAL;OFF;OFF;1
59.6;3.745;0.000;MANUAL;OFF;OFF;1
60.6;3.745;0.000;MANUAL;OFF;OFF;1
61.6;3.745;0.000;MANUAL;OFF;OFF;1
62.6;3.745;0.000;MANUAL;OFF;OFF;1
63.6;3.745;0.000;MANUAL;OFF;OFF;1
64.6;3.745;0.000;MANUAL;OFF;OFF;1
65.6;3.744;0.000;MANUAL;OFF;OFF;1
66.6;3.744;0.000;MANUAL;OFF;OFF;1
67.6;3.744;0.000;MANUAL;OFF;OFF;1
68.6;3.744;0.000;MANUAL;OFF;OFF;1
69.6;3.744;0.000;MANUAL;OFF;OFF;1
70.7;3.744;0.000;MANUAL;OFF;OFF;1
71.7;3.744;0.000;MANUAL;OFF;OFF;1
72.7;3.744;0.000;MANUAL;OFF;OFF;1
73.7;3.744;0.000;MANUAL;OFF;OFF;1
74.7;3.744;0.000;MANUAL;OFF;OFF;1
75.7;3.744;0.000;MANUAL;OFF;OFF;1
76.7;3.743;0.000;MANUAL;OFF;OFF;1
77.7;3.743;0.000;MANUAL;OFF;OFF;1
78.7;3.743;0.000;MANUAL;OFF;OFF;1
79.7;3.744;0.000;MANUAL;OFF;OFF;1
80.7;3.743;0.000;MANUAL;OFF;OFF;1
81.8;3.743;0.000;MANUAL;OFF;OFF;1
82.8;3.743;0.000;MANUAL;OFF;OFF;1
83.8;3.744;0.000;MANUAL;OFF;OFF;1
84.8;3.744;0.000;MANUAL;OFF;OFF;1
85.8;3.743;0.000;MANUAL;OFF;OFF;1
86.8;3.744;0.000;MANUAL;OFF;OFF;1
87.8;3.744;0.000;MANUAL;OFF;OFF;1
88.8;3.743;0.000;MANUAL;OFF;OFF;1
89.8;3.743;0.000;MANUAL;OFF;OFF;1
90.8;3.744;0.000;MANUAL;OFF;OFF;1
91.8;3.743;0.000;MANUAL;OFF;OFF;1
92.8;3.743;0.000;MANUAL;OFF;OFF;1
93.9;3.744;0.000;MANUAL;OFF;OFF;1
94.9;3.744;0.000;MANUAL;OFF;OFF;1
95.9;3.743;0.000;MANUAL;OFF;OFF;1
96.9;3.743;0.000;MANUAL;OFF;OFF;1
97.9;3.744;0.000;MANUAL;OFF;OFF;1
98.9;3.743;0.000;MANUAL;OFF;OFF;1
99.9;3.744;0.000;MANUAL;OFF;OFF;1
100.9;3.744;0.000;MANUAL;OFF;OFF;1
101.9;3.744;0.000;MANUAL;OFF;OFF;1
102.9;3.745;0.000;MANUAL;OFF;OFF;1
103.9;3.745;0.000;MANUAL;OFF;OFF;1
104.9;3.745;0.000;MANUAL;OFF;OFF;1
105.9;3.744;0.000;MANUAL;OFF;OFF;1
107.0;3.744;0.000;MANUAL;OFF;OFF;1
108.0;3.744;0.000;MANUAL;OFF;OFF;1
109.0;3.744;0.000;MANUAL;OFF;OFF;1
110.0;3.744;0.000;MANUAL;OFF;OFF;1
111.0;3.744;0.000;MANUAL;OFF;OFF;1
112.0;3.744;0.000;MANUAL;OFF;OFF;1
113.0;3.744;0.000;MANUAL;OFF;OFF;1
114.0;3.745;0.000;MANUAL;OFF;OFF;1
115.0;3.745;0.000;MANUAL;OFF;OFF;1
116.0;3.745;0.000;MANUAL;OFF;OFF;1
117.0;3.745;0.000;MANUAL;OFF;OFF;1
118.1;3.745;0.000;MANUAL;OFF;OFF;1
119.1;3.745;0.000;MANUAL;OFF;OFF;1
120.1;3.745;0.000;MANUAL;OFF;OFF;1
121.1;3.745;0.000;MANUAL;OFF;OFF;1
122.1;3.745;0.000;MANUAL;OFF;OFF;1
123.1;3.745;0.000;MANUAL;OFF;OFF;1
124.1;3.745;0.000;MANUAL;OFF;OFF;1
125.1;3.745;0.000;MANUAL;OFF;OFF;1
126.1;3.745;0.000;MANUAL;OFF;OFF;1
127.1;3.746;0.000;MANUAL;OFF;OFF;1
128.2;3.746;0.000;MANUAL;OFF;OFF;1
129.2;3.746;0.000;MANUAL;OFF;OFF;1
130.2;3.746;0.000;MANUAL;OFF;OFF;1
131.2;3.746;0.000;MANUAL;OFF;OFF;1
132.2;3.746;0.000;MANUAL;OFF;OFF;1
133.2;3.746;0.000;MANUAL;OFF;OFF;1
134.2;3.746;0.000;MANUAL;OFF;OFF;1
135.2;3.746;0.000;MANUAL;OFF;OFF;1
136.3;3.746;0.000;MANUAL;OFF;OFF;1
137.3;3.746;0.000;MANUAL;OFF;OFF;1
138.3;3.746;0.000;MANUAL;OFF;OFF;1
139.3;3.746;0.000;MANUAL;OFF;OFF;1
140.3;3.747;0.000;MANUAL;OFF;OFF;1
141.3;3.747;0.000;MANUAL;OFF;OFF;1
142.3;3.747;0.000;MANUAL;OFF;OFF;1
143.3;3.747;0.000;MANUAL;OFF;OFF;1
144.3;3.747;0.000;MANUAL;OFF;OFF;1
145.3;3.747;0.000;MANUAL;OFF;OFF;1
146.3;3.747;0.000;MANUAL;OFF;OFF;1
147.3;3.747;0.000;MANUAL;OFF;OFF;1
148.3;3.747;0.000;MANUAL;OFF;OFF;1
149.4;3.747;0.000;AUTO;OFF;ON;1
150.4;3.500;0.000;AUTO;OFF;ON;1
151.4;3.500;0.000;AUTO;OFF;ON;1
152.4;3.493;0.000;AUTO;OFF;ON;1
153.4;3.487;0.000;AUTO;OFF;ON;1
154.4;3.482;0.000;AUTO;OFF;ON;1
155.4;3.477;0.000;AUTO;OFF;ON;1
156.4;3.472;0.000;AUTO;OFF;ON;1
157.4;3.468;0.000;AUTO;OFF;ON;1
158.4;3.463;0.000;AUTO;OFF;ON;1
159.4;3.463;0.000;AUTO;OFF;ON;1
160.4;3.460;0.000;AUTO;OFF;ON;1
161.5;3.455;0.000;AUTO;OFF;ON;1
162.5;3.451;0.000;AUTO;OFF;ON;1
163.5;3.448;0.000;AUTO;OFF;ON;1
164.5;3.444;0.000;AUTO;OFF;ON;1
165.5;3.440;0.000;AUTO;OFF;ON;1
166.5;3.436;0.000;AUTO;OFF;ON;1
167.5;3.436;0.000;AUTO;OFF;ON;1
168.5;3.433;0.000;AUTO;OFF;ON;1
169.5;3.429;0.000;AUTO;OFF;ON;1
170.5;3.425;0.000;AUTO;OFF;ON;1
171.5;3.422;0.000;AUTO;OFF;ON;1
172.5;3.418;0.000;AUTO;OFF;ON;1
173.5;3.414;0.000;AUTO;OFF;ON;1
174.5;3.414;0.000;AUTO;OFF;ON;1
175.6;3.411;0.000;AUTO;OFF;ON;1
176.6;3.408;0.000;AUTO;OFF;ON;1
177.6;3.404;0.000;AUTO;OFF;ON;1
178.6;3.401;0.000;AUTO;OFF;ON;1
179.6;3.397;0.000;AUTO;OFF;ON;1
180.6;3.394;0.000;AUTO;OFF;ON;1
181.6;3.394;0.000;AUTO;OFF;ON;1
182.6;3.390;0.000;AUTO;OFF;ON;1
183.6;3.387;0.000;AUTO;OFF;ON;1
184.6;3.383;0.000;AUTO;OFF;ON;1
185.6;3.380;0.000;AUTO;OFF;ON;1
186.7;3.376;0.000;AUTO;OFF;ON;1
187.7;3.373;0.000;AUTO;OFF;ON;1
188.7;3.369;0.000;AUTO;OFF;ON;1
189.7;3.369;0.000;AUTO;OFF;ON;1
190.7;3.366;0.000;AUTO;OFF;ON;1
191.7;3.362;0.000;AUTO;OFF;ON;1
192.7;3.359;0.000;AUTO;OFF;ON;1
193.7;3.310;0.000;AUTO;OFF;ON;1
194.7;3.307;0.000;AUTO;OFF;ON;1
195.7;3.304;0.000;AUTO;OFF;ON;1
196.7;3.300;0.000;AUTO;OFF;ON;1
197.8;3.300;0.000;AUTO;OFF;ON;1
198.8;3.297;0.000;AUTO;OFF;ON;1
199.8;3.294;0.000;AUTO;OFF;ON;1
200.8;3.290;0.000;AUTO;OFF;ON;1
201.8;3.287;0.000;AUTO;OFF;ON;1
202.8;3.283;0.000;AUTO;OFF;ON;1
203.8;3.280;0.000;AUTO;OFF;ON;1
204.8;3.277;0.000;AUTO;OFF;ON;1
205.8;3.277;0.000;AUTO;OFF;ON;1
206.8;3.273;0.000;AUTO;OFF;ON;1
207.8;3.269;0.000;AUTO;OFF;ON;1
208.9;3.265;0.000;AUTO;OFF;ON;1
209.9;3.262;0.000;AUTO;OFF;ON;1
210.9;3.259;0.000;AUTO;OFF;ON;1
211.9;3.255;0.000;AUTO;OFF;ON;1
212.9;3.255;0.000;AUTO;OFF;ON;1
213.9;3.252;0.000;AUTO;OFF;ON;1
214.9;3.248;0.000;AUTO;OFF;ON;1
215.9;3.244;0.000;AUTO;OFF;ON;1
216.9;3.241;0.000;AUTO;OFF;ON;1
217.9;3.237;0.000;AUTO;OFF;ON;1
218.9;3.234;0.000;AUTO;OFF;ON;1
219.9;3.230;0.000;AUTO;OFF;ON;1
220.9;3.230;0.000;AUTO;OFF;ON;1
221.9;3.226;0.000;AUTO;OFF;ON;1
222.9;3.222;0.000;AUTO;OFF;ON;1
223.9;3.218;0.000;AUTO;OFF;ON;1
224.9;3.214;0.000;AUTO;OFF;ON;1
226.0;3.211;0.000;AUTO;OFF;ON;1
227.0;3.207;0.000;AUTO;OFF;ON;1
228.0;3.207;0.000;AUTO;OFF;ON;1
229.0;3.203;0.000;AUTO;OFF;ON;1
230.0;3.199;0.000;AUTO;OFF;ON;1
231.0;3.195;0.000;AUTO;OFF;ON;1
232.0;3.190;0.000;AUTO;OFF;ON;1
233.0;3.187;0.000;AUTO;OFF;ON;1
234.1;3.183;0.000;AUTO;OFF;ON;1
235.1;3.164;0.000;AUTO;OFF;ON;1
236.1;3.164;0.000;AUTO;OFF;ON;1
237.1;3.204;0.000;AUTO;OFF;ON;1
238.1;3.203;0.000;AUTO;OFF;ON;1
239.1;3.197;0.000;AUTO;OFF;ON;1
240.1;3.194;0.000;AUTO;OFF;ON;1
241.1;3.194;0.000;AUTO;OFF;ON;1
242.1;3.190;0.000;AUTO;OFF;ON;1
243.1;3.186;0.000;AUTO;OFF;ON;1
244.1;3.186;0.000;AUTO;OFF;ON;1
245.1;3.183;0.000;AUTO;OFF;ON;1
246.1;3.180;0.000;AUTO;OFF;ON;1
247.1;3.176;0.000;AUTO;OFF;ON;1
248.2;3.172;0.000;AUTO;OFF;ON;1
249.2;3.167;0.000;AUTO;OFF;ON;1
250.2;3.163;0.000;AUTO;OFF;ON;1
251.2;3.159;0.000;AUTO;OFF;ON;1
252.2;3.159;0.000;AUTO;OFF;ON;1
253.3;3.154;0.000;AUTO;OFF;ON;1
254.3;3.150;0.000;AUTO;OFF;ON;1
255.3;3.146;0.000;AUTO;OFF;ON;1
256.3;3.141;0.000;AUTO;OFF;ON;1
257.3;3.138;0.000;AUTO;OFF;ON;1
258.3;3.132;0.000;AUTO;OFF;ON;1
259.3;3.127;0.000;AUTO;OFF;ON;1
260.3;3.127;0.000;AUTO;OFF;ON;1
261.3;3.122;0.000;AUTO;OFF;ON;1
262.3;3.117;0.000;AUTO;OFF;ON;1
263.3;3.112;0.000;AUTO;OFF;ON;1
264.4;3.107;0.000;AUTO;OFF;ON;1
265.4;3.098;0.000;AUTO;OFF;ON;1
266.4;3.092;0.000;AUTO;OFF;ON;1
267.4;3.092;0.000;AUTO;OFF;ON;1
268.4;3.083;0.000;AUTO;OFF;ON;1
269.4;3.076;0.000;AUTO;OFF;ON;1
270.4;3.073;0.000;AUTO;OFF;ON;1
271.5;3.068;0.000;AUTO;OFF;ON;1
272.5;3.063;0.000;AUTO;OFF;ON;1
273.5;3.056;0.000;AUTO;OFF;ON;1
274.5;3.053;0.000;AUTO;OFF;ON;1
275.5;3.053;0.000;AUTO;OFF;ON;1
276.5;3.047;0.000;AUTO;OFF;ON;1
277.5;3.042;0.000;AUTO;OFF;ON;1
278.5;3.036;0.000;AUTO;OFF;ON;1
279.5;3.032;0.000;AUTO;OFF;ON;1
280.6;3.025;0.000;AUTO;OFF;ON;1
281.6;3.022;0.000;AUTO;OFF;ON;1
282.6;3.014;0.000;AUTO;OFF;ON;1
283.6;3.014;0.000;AUTO;OFF;ON;1
284.6;3.008;0.000;AUTO;OFF;ON;1
285.6;3.001;0.000;AUTO;OFF;ON;1
286.6;2.993;0.000;AUTO;ON;OFF;1
287.6;3.950;0.000;MANUAL;OFF;OFF;2
288.6;3.360;0.000;MANUAL;OFF;OFF;2
289.6;3.365;0.000;MANUAL;OFF;OFF;2
290.7;3.372;0.000;MANUAL;OFF;OFF;2
291.7;3.372;0.000;MANUAL;OFF;OFF;2
292.7;3.379;0.000;MANUAL;OFF;OFF;2
293.7;3.385;0.000;MANUAL;OFF;OFF;2
294.7;3.393;0.000;MANUAL;OFF;OFF;2
295.7;3.399;0.000;MANUAL;OFF;OFF;2
296.7;3.404;0.000;MANUAL;OFF;OFF;2
297.7;3.409;0.000;MANUAL;OFF;OFF;2
298.7;3.409;0.000;MANUAL;OFF;OFF;2
299.7;3.413;0.000;MANUAL;OFF;OFF;2
300.7;3.418;0.000;MANUAL;OFF;OFF;2
301.8;3.422;0.000;MANUAL;OFF;OFF;2
302.8;3.427;0.000;MANUAL;OFF;OFF;2
303.8;3.430;0.000;MANUAL;OFF;OFF;2
304.8;3.434;0.000;MANUAL;OFF;OFF;2
305.8;3.438;0.000;MANUAL;OFF;OFF;2
306.8;3.438;0.000;MANUAL;OFF;OFF;2
307.8;3.441;0.000;MANUAL;OFF;OFF;2
308.8;3.444;0.000;MANUAL;OFF;OFF;2
309.8;3.448;0.000;MANUAL;OFF;OFF;2
310.8;3.451;0.000;MANUAL;OFF;OFF;2
311.9;3.455;0.000;MANUAL;OFF;OFF;2
312.9;3.457;0.000;MANUAL;OFF;OFF;2
313.9;3.460;0.000;MANUAL;OFF;OFF;2
314.9;3.460;0.000;MANUAL;OFF;OFF;2
315.9;3.463;0.000;MANUAL;OFF;OFF;2
316.9;3.465;0.000;MANUAL;OFF;OFF;2
317.9;3.468;0.000;MANUAL;OFF;OFF;2
318.9;3.470;0.000;MANUAL;OFF;OFF;2
319.9;3.473;0.000;MANUAL;OFF;OFF;2
320.9;3.475;0.000;MANUAL;OFF;OFF;2
321.9;3.478;0.000;MANUAL;OFF;OFF;2
323.0;3.478;0.000;MANUAL;OFF;OFF;2
324.0;3.480;0.000;MANUAL;OFF;OFF;2
325.0;3.482;0.000;MANUAL;OFF;OFF;2
326.0;3.484;0.000;MANUAL;OFF;OFF;2
327.0;3.486;0.000;MANUAL;OFF;OFF;2
328.0;3.489;0.000;MANUAL;OFF;OFF;2
329.0;3.491;0.000;MANUAL;OFF;OFF;2
330.0;3.491;0.000;MANUAL;OFF;OFF;2
331.0;3.493;0.000;MANUAL;OFF;OFF;2
332.0;3.495;0.000;MANUAL;OFF;OFF;2
333.0;3.497;0.000;MANUAL;OFF;OFF;2
334.0;3.499;0.000;MANUAL;OFF;OFF;2
335.1;3.501;0.000;MANUAL;OFF;OFF;2
336.1;3.502;0.000;MANUAL;OFF;OFF;2
337.1;3.504;0.000;MANUAL;OFF;OFF;2
338.1;3.504;0.000;MANUAL;OFF;OFF;2
339.1;3.506;0.000;MANUAL;OFF;OFF;2
340.1;3.508;0.000;MANUAL;OFF;OFF;2
341.1;3.510;0.000;MANUAL;OFF;OFF;2
342.1;3.511;0.000;MANUAL;OFF;OFF;2
343.1;3.513;0.000;MANUAL;OFF;OFF;2
344.1;3.514;0.000;MANUAL;OFF;OFF;2
345.1;3.516;0.000;MANUAL;OFF;OFF;2
346.2;3.516;0.000;MANUAL;OFF;OFF;2
347.2;3.518;0.000;MANUAL;OFF;OFF;2
348.2;3.519;0.000;MANUAL;OFF;OFF;2
349.2;3.521;0.000;MANUAL;OFF;OFF;2
350.2;3.522;0.000;MANUAL;OFF;OFF;2
351.2;3.523;0.000;MANUAL;OFF;OFF;2
352.2;3.525;0.000;MANUAL;OFF;OFF;2
353.2;3.525;0.000;MANUAL;OFF;OFF;2
354.3;3.526;0.000;MANUAL;OFF;OFF;2
355.3;3.528;0.000;MANUAL;OFF;OFF;2
356.3;3.529;0.000;MANUAL;OFF;OFF;2
357.3;3.530;0.000;MANUAL;OFF;OFF;2
358.3;3.532;0.000;MANUAL;OFF;OFF;2
359.3;3.533;0.000;MANUAL;OFF;OFF;2
360.4;3.535;0.000;MANUAL;OFF;OFF;2
361.4;3.535;0.000;MANUAL;OFF;OFF;2
362.4;3.535;0.000;MANUAL;OFF;OFF;2
363.4;3.537;0.000;MANUAL;OFF;OFF;2
364.4;3.538;0.000;MANUAL;OFF;OFF;2
365.4;3.539;0.000;MANUAL;OFF;OFF;2
366.4;3.540;0.000;MANUAL;OFF;OFF;2
367.4;3.542;0.000;MANUAL;OFF;OFF;2
368.4;3.543;0.000;MANUAL;OFF;OFF;2
369.5;3.543;0.000;MANUAL;OFF;OFF;2
370.5;3.544;0.000;MANUAL;OFF;OFF;2
371.5;3.545;0.000;MANUAL;OFF;OFF;2
372.5;3.546;0.000;MANUAL;OFF;OFF;2
373.5;3.547;0.000;MANUAL;OFF;OFF;2
374.5;3.548;0.000;MANUAL;OFF;OFF;2
375.5;3.550;0.000;MANUAL;OFF;OFF;2
376.5;3.550;0.000;MANUAL;OFF;OFF;2
377.5;3.550;0.000;MANUAL;OFF;OFF;2
378.5;3.552;0.000;MANUAL;OFF;OFF;2
379.6;3.552;0.000;MANUAL;OFF;OFF;2
380.6;3.554;0.000;MANUAL;OFF;OFF;2
381.6;3.554;0.000;MANUAL;OFF;OFF;2
382.6;3.555;0.000;MANUAL;OFF;OFF;2
383.6;3.557;0.000;MANUAL;OFF;OFF;2
384.6;3.557;0.000;MANUAL;OFF;OFF;2
385.6;3.557;0.000;MANUAL;OFF;OFF;2
386.6;3.559;0.000;MANUAL;OFF;OFF;2
387.7;3.559;0.000;MANUAL;OFF;OFF;2
388.7;3.561;0.000;MANUAL;OFF;OFF;2
389.7;3.561;0.000;MANUAL;OFF;OFF;2
390.7;3.563;0.000;MANUAL;OFF;OFF;2
391.7;3.563;0.000;MANUAL;OFF;OFF;2
392.7;3.563;0.000;MANUAL;OFF;OFF;2
393.7;3.564;0.000;MANUAL;OFF;OFF;2
394.7;3.565;0.000;MANUAL;OFF;OFF;2
395.7;3.566;0.000;MANUAL;OFF;OFF;2
396.7;3.567;0.000;MANUAL;OFF;OFF;2
397.7;3.568;0.000;MANUAL;OFF;OFF;2
398.7;3.568;0.000;MANUAL;OFF;OFF;2
399.7;3.569;0.000;MANUAL;OFF;OFF;2
400.7;3.569;0.000;MANUAL;OFF;OFF;2
401.7;3.570;0.000;MANUAL;OFF;OFF;2
402.8;3.571;0.000;MANUAL;OFF;OFF;2
403.8;3.571;0.000;MANUAL;OFF;OFF;2
404.8;3.573;0.000;MANUAL;OFF;OFF;2
405.8;3.573;0.000;MANUAL;OFF;OFF;2
406.8;3.575;0.000;MANUAL;OFF;OFF;2
407.8;3.575;0.000;MANUAL;OFF;OFF;2
408.8;3.575;0.000;MANUAL;OFF;OFF;2
409.8;3.575;0.000;MANUAL;OFF;OFF;2
410.8;3.576;0.000;MANUAL;OFF;OFF;2
411.9;3.577;0.000;MANUAL;OFF;OFF;2
412.9;3.578;0.000;MANUAL;OFF;OFF;2
413.9;3.579;0.000;MANUAL;OFF;OFF;2
414.9;3.580;0.000;MANUAL;OFF;OFF;2
415.9;3.580;0.000;MANUAL;OFF;OFF;2
416.9;3.580;0.000;MANUAL;OFF;OFF;2
417.9;3.581;0.000;MANUAL;OFF;OFF;2
418.9;3.582;0.000;AUTO;ON;OFF;2
419.9;4.135;0.000;AUTO;ON;OFF;2
420.9;4.145;0.000;AUTO;ON;OFF;2
422.0;4.154;0.000;AUTO;ON;OFF;2
423.0;4.161;0.000;AUTO;ON;OFF;2
424.0;4.161;0.000;AUTO;ON;OFF;2
425.0;4.167;0.000;AUTO;ON;OFF;2
426.0;4.173;0.000;AUTO;ON;OFF;2
427.0;4.178;0.000;AUTO;ON;OFF;2
428.1;4.182;0.000;AUTO;ON;OFF;2
429.1;4.187;0.000;AUTO;ON;OFF;2
430.1;4.191;0.000;AUTO;ON;OFF;2
431.1;4.196;0.000;AUTO;ON;OFF;2
432.1;4.196;0.000;AUTO;ON;OFF;2
433.1;4.196;0.000;AUTO;ON;OFF;2
434.1;4.197;0.000;AUTO;ON;OFF;2
435.1;4.197;0.000;AUTO;ON;OFF;2
436.1;4.198;0.000;AUTO;ON;OFF;2
437.2;4.198;0.000;AUTO;ON;OFF;2
438.2;4.199;0.000;AUTO;ON;OFF;2
439.2;4.199;0.000;AUTO;ON;OFF;2
440.2;4.199;0.000;AUTO;ON;OFF;2
441.2;4.199;0.000;AUTO;ON;OFF;2
442.2;4.200;0.000;AUTO;OFF;ON;3
443.2;3.484;0.000;MANUAL;OFF;OFF;3
444.2;3.731;0.000;MANUAL;OFF;OFF;3
445.2;3.728;0.000;MANUAL;OFF;OFF;3
446.2;3.726;0.000;MANUAL;OFF;OFF;3
447.2;3.724;0.000;MANUAL;OFF;OFF;3
448.3;3.724;0.000;MANUAL;OFF;OFF;3
449.3;3.723;0.000;MANUAL;OFF;OFF;3
450.3;3.721;0.000;MANUAL;OFF;OFF;3
451.3;3.719;0.000;MANUAL;OFF;OFF;3
452.3;3.717;0.000;MANUAL;OFF;OFF;3
453.3;3.715;0.000;MANUAL;OFF;OFF;3
454.3;3.714;0.000;MANUAL;OFF;OFF;3
455.3;3.714;0.000;MANUAL;OFF;OFF;3
456.3;3.714;0.000;MANUAL;OFF;OFF;3
457.3;3.712;0.000;MANUAL;OFF;OFF;3
458.3;3.711;0.000;MANUAL;OFF;OFF;3
459.4;3.710;0.000;MANUAL;OFF;OFF;3
460.4;3.709;0.000;MANUAL;OFF;OFF;3
461.4;3.709;0.000;MANUAL;OFF;OFF;3
462.4;3.707;0.000;MANUAL;OFF;OFF;3
463.4;3.707;0.000;MANUAL;OFF;OFF;3
464.4;3.707;0.000;MANUAL;OFF;OFF;3
465.4;3.706;0.000;MANUAL;OFF;OFF;3
466.5;3.705;0.000;MANUAL;OFF;OFF;3
467.5;3.705;0.000;MANUAL;OFF;OFF;3
468.5;3.704;0.000;MANUAL;OFF;OFF;3
469.5;3.703;0.000;MANUAL;OFF;OFF;3
470.5;3.703;0.000;MANUAL;OFF;OFF;3
471.5;3.703;0.000;MANUAL;OFF;OFF;3
472.5;3.702;0.000;MANUAL;OFF;OFF;3
473.5;3.702;0.000;MANUAL;OFF;OFF;3
474.5;3.702;0.000;MANUAL;OFF;OFF;3
475.5;3.701;0.000;MANUAL;OFF;OFF;3
476.5;3.701;0.000;MANUAL;OFF;OFF;3
477.5;3.700;0.000;MANUAL;OFF;OFF;3
478.6;3.700;0.000;MANUAL;OFF;OFF;3
479.6;3.700;0.000;MANUAL;OFF;OFF;3
480.6;3.700;0.000;MANUAL;OFF;OFF;3
481.6;3.700;0.000;MANUAL;OFF;OFF;3
482.6;3.699;0.000;MANUAL;OFF;OFF;3
483.6;3.699;0.000;MANUAL;OFF;OFF;3
484.6;3.699;0.000;MANUAL;OFF;OFF;3
485.6;3.699;0.000;MANUAL;OFF;OFF;3
486.6;3.699;0.000;MANUAL;OFF;OFF;3
487.6;3.698;0.000;MANUAL;OFF;OFF;3
488.6;3.698;0.000;MANUAL;OFF;OFF;3
489.6;3.698;0.000;MANUAL;OFF;OFF;3
490.6;3.698;0.000;MANUAL;OFF;OFF;3
491.7;3.697;0.000;MANUAL;OFF;OFF;3
492.7;3.697;0.000;MANUAL;OFF;OFF;3
493.7;3.697;0.000;MANUAL;OFF;OFF;3
494.7;3.697;0.000;MANUAL;OFF;OFF;3
495.7;3.697;0.000;MANUAL;OFF;OFF;3
496.7;3.696;0.000;MANUAL;OFF;OFF;3
497.7;3.697;0.000;MANUAL;OFF;OFF;3
498.8;3.696;0.000;MANUAL;OFF;OFF;3
499.8;3.696;0.000;MANUAL;OFF;OFF;3
500.8;3.696;0.000;MANUAL;OFF;OFF;3
501.8;3.696;0.000;MANUAL;OFF;OFF;3
502.8;3.696;0.000;MANUAL;OFF;OFF;3
503.8;3.696;0.000;MANUAL;OFF;OFF;3
504.8;3.696;0.000;MANUAL;OFF;OFF;3
505.8;3.696;0.000;MANUAL;OFF;OFF;3
506.8;3.696;0.000;MANUAL;OFF;OFF;3
507.8;3.696;0.000;MANUAL;OFF;OFF;3
508.8;3.696;0.000;MANUAL;OFF;OFF;3
509.9;3.696;0.000;MANUAL;OFF;OFF;3
510.9;3.696;0.000;MANUAL;OFF;OFF;3
511.9;3.696;0.000;MANUAL;OFF;OFF;3
512.9;3.696;0.000;MANUAL;OFF;OFF;3
513.9;3.696;0.000;MANUAL;OFF;OFF;3
514.9;3.696;0.000;MANUAL;OFF;OFF;3
515.9;3.696;0.000;MANUAL;OFF;OFF;3
516.9;3.696;0.000;MANUAL;OFF;OFF;3
517.9;3.696;0.000;MANUAL;OFF;OFF;3
518.9;3.696;0.000;MANUAL;OFF;OFF;3
520.0;3.696;0.000;MANUAL;OFF;OFF;3
521.0;3.696;0.000;MANUAL;OFF;OFF;3
522.0;3.696;0.000;MANUAL;OFF;OFF;3
523.0;3.696;0.000;MANUAL;OFF;OFF;3
524.0;3.696;0.000;MANUAL;OFF;OFF;3
525.1;3.696;0.000;MANUAL;OFF;OFF;3
526.1;3.696;0.000;MANUAL;OFF;OFF;3
527.1;3.696;0.000;MANUAL;OFF;OFF;3
528.1;3.696;0.000;MANUAL;OFF;OFF;3
529.1;3.696;0.000;MANUAL;OFF;OFF;3
530.1;3.696;0.000;MANUAL;OFF;OFF;3
531.1;3.696;0.000;MANUAL;OFF;OFF;3
532.1;3.696;0.000;MANUAL;OFF;OFF;3
533.1;3.696;0.000;MANUAL;OFF;OFF;3
534.1;3.696;0.000;MANUAL;OFF;OFF;3
535.2;3.696;0.000;MANUAL;OFF;OFF;3
536.2;3.696;0.000;MANUAL;OFF;OFF;3
537.2;3.696;0.000;MANUAL;OFF;OFF;3
538.2;3.696;0.000;MANUAL;OFF;OFF;3
539.2;3.696;0.000;MANUAL;OFF;OFF;3
540.2;3.696;0.000;MANUAL;OFF;OFF;3
541.2;3.696;0.000;MANUAL;OFF;OFF;3
542.2;3.696;0.000;MANUAL;OFF;OFF;3
543.2;3.696;0.000;MANUAL;OFF;OFF;3
544.3;3.697;0.000;MANUAL;OFF;OFF;3
545.3;3.696;0.000;MANUAL;OFF;OFF;3
546.3;3.697;0.000;MANUAL;OFF;OFF;3
547.3;3.696;0.000;MANUAL;OFF;OFF;3
548.3;3.697;0.000;MANUAL;OFF;OFF;3
549.3;3.697;0.000;MANUAL;OFF;OFF;3
550.3;3.697;0.000;MANUAL;OFF;OFF;3
551.3;3.697;0.000;MANUAL;OFF;OFF;3
552.3;3.697;0.000;MANUAL;OFF;OFF;3
553.4;3.697;0.000;MANUAL;OFF;OFF;3
554.4;3.697;0.000;MANUAL;OFF;OFF;3
555.4;3.697;0.000;MANUAL;OFF;OFF;3
556.4;3.698;0.000;MANUAL;OFF;OFF;3
557.4;3.698;0.000;MANUAL;OFF;OFF;3
558.4;3.698;0.000;MANUAL;OFF;OFF;3
559.4;3.698;0.000;MANUAL;OFF;OFF;3
560.4;3.698;0.000;MANUAL;OFF;OFF;3
561.4;3.698;0.000;MANUAL;OFF;OFF;3
562.4;3.698;0.000;MANUAL;OFF;OFF;3
563.4;3.698;0.000;MANUAL;OFF;OFF;3
564.4;3.698;0.000;MANUAL;OFF;OFF;3
565.4;3.698;0.000;MANUAL;OFF;OFF;3
566.5;3.698;0.000;MANUAL;OFF;OFF;3
567.5;3.698;0.000;MANUAL;OFF;OFF;3
568.5;3.698;0.000;MANUAL;OFF;OFF;3
569.5;3.698;0.000;MANUAL;OFF;OFF;3
570.5;3.699;0.000;MANUAL;OFF;OFF;3
571.5;3.699;0.000;MANUAL;OFF;OFF;3
572.6;3.699;0.000;AUTO;OFF;ON;3
573.6;3.699;0.000;AUTO;OFF;ON;3
574.6;3.448;0.000;AUTO;OFF;ON;3
575.6;3.439;0.000;AUTO;OFF;ON;3
576.6;3.433;0.000;AUTO;OFF;ON;3
577.6;3.427;0.000;AUTO;OFF;ON;3
578.6;3.421;0.000;AUTO;OFF;ON;3
579.6;3.416;0.000;AUTO;OFF;ON;3
580.6;3.416;0.000;AUTO;OFF;ON;3
581.6;3.411;0.000;AUTO;OFF;ON;3
582.6;3.406;0.000;AUTO;OFF;ON;3
583.7;3.402;0.000;AUTO;OFF;ON;3
584.7;3.397;0.000;AUTO;OFF;ON;3
585.7;3.393;0.000;AUTO;OFF;ON;3
586.7;3.388;0.000;AUTO;OFF;ON;3
587.7;3.384;0.000;AUTO;OFF;ON;3
588.7;3.384;0.000;AUTO;OFF;ON;3
589.7;3.380;0.000;AUTO;OFF;ON;3
590.7;3.375;0.000;AUTO;OFF;ON;3
591.8;3.371;0.000;AUTO;OFF;ON;3
592.8;3.367;0.000;AUTO;OFF;ON;3
593.8;3.363;0.000;AUTO;OFF;ON;3
594.8;3.359;0.000;AUTO;OFF;ON;3
595.8;3.354;0.000;AUTO;OFF;ON;3
596.8;3.354;0.000;AUTO;OFF;ON;3
597.8;3.350;0.000;AUTO;OFF;ON;3
598.9;3.347;0.000;AUTO;OFF;ON;3
599.9;3.342;0.000;AUTO;OFF;ON;3
600.9;3.338;0.000;AUTO;OFF;ON;3
601.9;3.334;0.000;AUTO;OFF;ON;3
602.9;3.330;0.000;AUTO;OFF;ON;3
603.9;3.326;0.000;AUTO;OFF;ON;3
604.9;3.326;0.000;AUTO;OFF;ON;3
605.9;3.322;0.000;AUTO;OFF;ON;3
607.0;3.318;0.000;AUTO;OFF;ON;3
608.0;3.314;0.000;AUTO;OFF;ON;3
609.0;3.310;0.000;AUTO;OFF;ON;3
610.0;3.305;0.000;AUTO;OFF;ON;3
611.0;3.301;0.000;AUTO;OFF;ON;3
612.0;3.298;0.000;AUTO;OFF;ON;3
613.0;3.298;0.000;AUTO;OFF;ON;3
614.0;3.293;0.000;AUTO;OFF;ON;3
615.1;3.289;0.000;AUTO;OFF;ON;3
616.1;3.285;0.000;AUTO;OFF;ON;3
617.1;3.281;0.000;AUTO;OFF;ON;3
618.1;3.277;0.000;AUTO;OFF;ON;3
619.1;3.273;0.000;AUTO;OFF;ON;3
620.1;3.268;0.000;AUTO;OFF;ON;3
621.1;3.268;0.000;AUTO;OFF;ON;3
622.1;3.264;0.000;AUTO;OFF;ON;3
623.1;3.260;0.000;AUTO;OFF;ON;3
624.1;3.255;0.000;AUTO;OFF;ON;3
625.1;3.251;0.000;AUTO;OFF;ON;3
626.2;3.247;0.000;AUTO;OFF;ON;3
627.2;3.242;0.000;AUTO;OFF;ON;3
628.2;3.242;0.000;AUTO;OFF;ON;3
629.2;3.238;0.000;AUTO;OFF;ON;3
630.2;3.234;0.000;AUTO;OFF;ON;3
631.2;3.230;0.000;AUTO;OFF;ON;3
632.2;3.225;0.000;AUTO;OFF;ON;3
633.2;3.221;0.000;AUTO;OFF;ON;3
634.2;3.216;0.000;AUTO;OFF;ON;3
635.2;3.213;0.000;AUTO;OFF;ON;3
636.2;3.213;0.000;AUTO;OFF;ON;3
637.3;3.215;0.000;AUTO;OFF;ON;3
638.3;3.212;0.000;AUTO;OFF;ON;3
639.3;3.201;0.000;AUTO;OFF;ON;3
640.3;3.205;0.000;AUTO;OFF;ON;3
641.3;3.203;0.000;AUTO;OFF;ON;3
642.3;3.202;0.000;AUTO;OFF;ON;3
643.3;3.197;0.000;AUTO;OFF;ON;3
644.3;3.197;0.000;AUTO;OFF;ON;3
645.4;3.193;0.000;AUTO;OFF;ON;3
646.4;3.188;0.000;AUTO;OFF;ON;3
647.4;3.183;0.000;AUTO;OFF;ON;3
648.4;3.178;0.000;AUTO;OFF;ON;3
649.4;3.173;0.000;AUTO;OFF;ON;3
650.4;3.169;0.000;AUTO;OFF;ON;3
651.4;3.169;0.000;AUTO;OFF;ON;3
652.4;3.163;0.000;AUTO;OFF;ON;3
653.4;3.158;0.000;AUTO;OFF;ON;3
654.4;3.154;0.000;AUTO;OFF;ON;3
655.4;3.148;0.000;AUTO;OFF;ON;3
656.4;3.142;0.000;AUTO;OFF;ON;3
657.5;3.137;0.000;AUTO;OFF;ON;3
658.5;3.132;0.000;AUTO;OFF;ON;3
659.5;3.132;0.000;AUTO;OFF;ON;3
660.5;3.126;0.000;AUTO;OFF;ON;3
661.5;3.120;0.000;AUTO;OFF;ON;3
662.5;3.115;0.000;AUTO;OFF;ON;3
663.5;3.109;0.000;AUTO;OFF;ON;3
664.5;3.103;0.000;AUTO;OFF;ON;3
665.5;3.094;0.000;AUTO;OFF;ON;3
666.5;3.089;0.000;AUTO;OFF;ON;3
667.6;3.089;0.000;AUTO;OFF;ON;3
668.6;3.086;0.000;AUTO;OFF;ON;3
669.6;3.080;0.000;AUTO;OFF;ON;3
670.6;3.072;0.000;AUTO;OFF;ON;3
671.6;3.066;0.000;AUTO;OFF;ON;3
672.6;3.060;0.000;AUTO;OFF;ON;3
673.7;3.053;0.000;AUTO;OFF;ON;3
674.7;3.047;0.000;AUTO;OFF;ON;3
675.7;3.047;0.000;AUTO;OFF;ON;3
676.7;3.040;0.000;AUTO;OFF;ON;3
677.7;3.033;0.000;AUTO;OFF;ON;3
678.7;3.027;0.000;AUTO;OFF;ON;3
679.7;3.017;0.000;AUTO;OFF;ON;3
680.7;3.011;0.000;AUTO;OFF;ON;3
681.7;3.004;0.000;AUTO;OFF;ON;3
682.7;3.004;0.000;AUTO;OFF;ON;3
683.7;2.997;0.000;AUTO;ON;OFF;4
684.7;3.870;0.000;MANUAL;OFF;OFF;4
685.8;3.324;0.000;MANUAL;OFF;OFF;4
686.8;3.330;0.000;MANUAL;OFF;OFF;4
687.8;3.336;0.000;MANUAL;OFF;OFF;4
688.8;3.343;0.000;MANUAL;OFF;OFF;4
689.8;3.348;0.000;MANUAL;OFF;OFF;4
690.8;3.348;0.000;MANUAL;OFF;OFF;4
691.8;3.356;0.000;MANUAL;OFF;OFF;4
692.8;3.361;0.000;MANUAL;OFF;OFF;4
693.8;3.366;0.000;MANUAL;OFF;OFF;4
694.8;3.370;0.000;MANUAL;OFF;OFF;4
695.8;3.374;0.000;MANUAL;OFF;OFF;4
696.8;3.378;0.000;MANUAL;OFF;OFF;4
697.9;3.383;0.000;MANUAL;OFF;OFF;4
698.9;3.383;0.000;MANUAL;OFF;OFF;4
699.9;3.387;0.000;MANUAL;OFF;OFF;4
700.9;3.390;0.000;MANUAL;OFF;OFF;4
701.9;3.394;0.000;MANUAL;OFF;OFF;4
702.9;3.397;0.000;MANUAL;OFF;OFF;4
703.9;3.400;0.000;MANUAL;OFF;OFF;4
704.9;3.403;0.000;MANUAL;OFF;OFF;4
705.9;3.406;0.000;MANUAL;OFF;OFF;4
707.0;3.406;0.000;MANUAL;OFF;OFF;4
708.0;3.409;0.000;MANUAL;OFF;OFF;4
709.0;3.412;0.000;MANUAL;OFF;OFF;4
710.0;3.414;0.000;MANUAL;OFF;OFF;4
711.0;3.417;0.000;MANUAL;OFF;OFF;4
712.0;3.420;0.000;MANUAL;OFF;OFF;4
713.0;3.422;0.000;MANUAL;OFF;OFF;4
714.0;3.422;0.000;MANUAL;OFF;OFF;4
715.0;3.425;0.000;MANUAL;OFF;OFF;4
716.0;3.427;0.000;MANUAL;OFF;OFF;4
717.1;3.429;0.000;MANUAL;OFF;OFF;4
718.1;3.432;0.000;MANUAL;OFF;OFF;4
719.1;3.434;0.000;MANUAL;OFF;OFF;4
720.1;3.435;0.000;MANUAL;OFF;OFF;4
721.1;3.438;0.000;MANUAL;OFF;OFF;4
722.1;3.438;0.000;MANUAL;OFF;OFF;4
723.1;3.439;0.000;MANUAL;OFF;OFF;4
724.1;3.441;0.000;MANUAL;OFF;OFF;4
725.1;3.444;0.000;MANUAL;OFF;OFF;4
726.1;3.446;0.000;MANUAL;OFF;OFF;4
727.1;3.448;0.000;MANUAL;OFF;OFF;4
728.2;3.449;0.000;MANUAL;OFF;OFF;4
729.2;3.449;0.000;MANUAL;OFF;OFF;4
730.2;3.451;0.000;MANUAL;OFF;OFF;4
731.2;3.453;0.000;MANUAL;OFF;OFF;4
732.2;3.455;0.000;MANUAL;OFF;OFF;4
733.2;3.456;0.000;MANUAL;OFF;OFF;4
734.2;3.458;0.000;MANUAL;OFF;OFF;4
735.2;3.459;0.000;MANUAL;OFF;OFF;4
736.2;3.461;0.000;MANUAL;OFF;OFF;4
737.2;3.461;0.000;MANUAL;OFF;OFF;4
738.2;3.462;0.000;MANUAL;OFF;OFF;4
739.3;3.464;0.000;MANUAL;OFF;OFF;4
740.3;3.465;0.000;MANUAL;OFF;OFF;4
741.3;3.467;0.000;MANUAL;OFF;OFF;4
742.3;3.468;0.000;MANUAL;OFF;OFF;4
743.3;3.470;0.000;MANUAL;OFF;OFF;4
744.3;3.471;0.000;MANUAL;OFF;OFF;4
745.3;3.471;0.000;MANUAL;OFF;OFF;4
746.4;3.472;0.000;MANUAL;OFF;OFF;4
747.4;3.474;0.000;MANUAL;OFF;OFF;4
748.4;3.475;0.000;MANUAL;OFF;OFF;4
749.4;3.477;0.000;MANUAL;OFF;OFF;4
750.4;3.478;0.000;MANUAL;OFF;OFF;4
751.4;3.479;0.000;MANUAL;OFF;OFF;4
752.4;3.481;0.000;MANUAL;OFF;OFF;4
753.4;3.481;0.000;MANUAL;OFF;OFF;4
754.4;3.482;0.000;MANUAL;OFF;OFF;4
755.4;3.483;0.000;MANUAL;OFF;OFF;4
756.4;3.484;0.000;MANUAL;OFF;OFF;4
757.4;3.486;0.000;MANUAL;OFF;OFF;4
758.4;3.487;0.000;MANUAL;OFF;OFF;4
759.5;3.488;0.000;MANUAL;OFF;OFF;4
760.5;3.489;0.000;MANUAL;OFF;OFF;4
761.5;3.489;0.000;MANUAL;OFF;OFF;4
762.5;3.490;0.000;MANUAL;OFF;OFF;4
763.5;3.491;0.000;MANUAL;OFF;OFF;4
764.5;3.492;0.000;MANUAL;OFF;OFF;4
765.5;3.493;0.000;MANUAL;OFF;OFF;4
766.5;3.495;0.000;MANUAL;OFF;OFF;4
767.5;3.496;0.000;MANUAL;OFF;OFF;4
768.5;3.496;0.000;MANUAL;OFF;OFF;4
769.5;3.496;0.000;MANUAL;OFF;OFF;4
770.5;3.498;0.000;MANUAL;OFF;OFF;4
771.5;3.498;0.000;MANUAL;OFF;OFF;4
772.5;3.500;0.000;MANUAL;OFF;OFF;4
773.6;3.501;0.000;MANUAL;OFF;OFF;4
774.6;3.501;0.000;MANUAL;OFF;OFF;4
775.6;3.503;0.000;MANUAL;OFF;OFF;4
776.6;3.503;0.000;MANUAL;OFF;OFF;4
777.6;3.503;0.000;MANUAL;OFF;OFF;4
778.6;3.505;0.000;MANUAL;OFF;OFF;4
779.6;3.505;0.000;MANUAL;OFF;OFF;4
780.6;3.506;0.000;MANUAL;OFF;OFF;4
781.6;3.507;0.000;MANUAL;OFF;OFF;4
782.7;3.508;0.000;MANUAL;OFF;OFF;4
783.7;3.508;0.000;MANUAL;OFF;OFF;4
784.7;3.508;0.000;MANUAL;OFF;OFF;4
785.7;3.510;0.000;MANUAL;OFF;OFF;4
786.7;3.510;0.000;MANUAL;OFF;OFF;4
787.7;3.512;0.000;MANUAL;OFF;OFF;4
788.8;3.512;0.000;MANUAL;OFF;OFF;4
789.8;3.514;0.000;MANUAL;OFF;OFF;4
790.8;3.514;0.000;MANUAL;OFF;OFF;4
791.8;3.515;0.000;MANUAL;OFF;OFF;4
792.8;3.515;0.000;MANUAL;OFF;OFF;4
793.8;3.515;0.000;MANUAL;OFF;OFF;4
794.8;3.516;0.000;MANUAL;OFF;OFF;4
795.8;3.517;0.000;MANUAL;OFF;OFF;4
796.8;3.518;0.000;MANUAL;OFF;OFF;4
797.8;3.519;0.000;MANUAL;OFF;OFF;4
798.8;3.520;0.000;MANUAL;OFF;OFF;4
799.8;3.520;0.000;MANUAL;OFF;OFF;4
800.8;3.521;0.000;MANUAL;OFF;OFF;4
801.8;3.521;0.000;MANUAL;OFF;OFF;4
802.8;3.522;0.000;MANUAL;OFF;OFF;4
803.9;3.522;0.000;MANUAL;OFF;OFF;4
804.9;3.524;0.000;MANUAL;OFF;OFF;4
805.9;3.524;0.000;MANUAL;OFF;OFF;4
806.9;3.525;0.000;MANUAL;OFF;OFF;4
807.9;3.525;0.000;MANUAL;OFF;OFF;4
808.9;3.526;0.000;MANUAL;OFF;OFF;4
809.9;3.526;0.000;MANUAL;OFF;OFF;4
810.9;3.527;0.000;MANUAL;OFF;OFF;4
811.9;3.528;0.000;MANUAL;OFF;OFF;4
812.9;3.528;0.000;MANUAL;OFF;OFF;4
813.9;3.529;0.000;MANUAL;OFF;OFF;4
814.9;3.529;0.000;MANUAL;OFF;OFF;4
816.0;3.529;0.000;AUTO;ON;OFF;4
817.0;4.067;0.000;AUTO;ON;OFF;4
818.0;4.084;0.000;AUTO;ON;OFF;4
819.0;4.096;0.000;AUTO;ON;OFF;4
820.0;4.107;0.000;AUTO;ON;OFF;4
821.0;4.118;0.000;AUTO;ON;OFF;4
822.0;4.126;0.000;AUTO;ON;OFF;4
823.0;4.126;0.000;AUTO;ON;OFF;4
824.0;4.135;0.000;AUTO;ON;OFF;4
825.0;4.143;0.000;AUTO;ON;OFF;4
826.0;4.149;0.000;AUTO;ON;OFF;4
827.0;4.156;0.000;AUTO;ON;OFF;4
828.0;4.161;0.000;AUTO;ON;OFF;4
829.0;4.167;0.000;AUTO;ON;OFF;4
830.1;4.173;0.000;AUTO;ON;OFF;4
831.1;4.173;0.000;AUTO;ON;OFF;4
832.1;4.177;0.000;AUTO;ON;OFF;4
833.1;4.182;0.000;AUTO;ON;OFF;4
834.1;4.185;0.000;AUTO;ON;OFF;4
835.1;4.190;0.000;AUTO;ON;OFF;4
836.1;4.194;0.000;AUTO;ON;OFF;4
837.1;4.197;0.000;AUTO;ON;OFF;4
838.1;4.197;0.000;AUTO;ON;OFF;4
839.2;4.197;0.000;AUTO;ON;OFF;4
840.2;4.198;0.000;AUTO;ON;OFF;4
841.2;4.197;0.000;AUTO;ON;OFF;4
842.2;4.199;0.000;AUTO;ON;OFF;4
843.2;4.199;0.000;AUTO;ON;OFF;4
844.2;4.199;0.000;AUTO;ON;OFF;4
845.2;4.200;0.000;AUTO;OFF;ON;5
846.2;4.200;0.000;AUTO;OFF;ON;5
847.3;3.747;0.000;MANUAL;OFF;OFF;5
848.3;3.740;0.000;MANUAL;OFF;OFF;5
849.3;3.735;0.000;MANUAL;OFF;OFF;5
850.3;3.731;0.000;MANUAL;OFF;OFF;5
851.3;3.728;0.000;MANUAL;OFF;OFF;5
852.3;3.726;0.000;MANUAL;OFF;OFF;5
853.3;3.722;0.000;MANUAL;OFF;OFF;5
854.3;3.722;0.000;MANUAL;OFF;OFF;5
855.3;3.721;0.000;MANUAL;OFF;OFF;5
856.3;3.719;0.000;MANUAL;OFF;OFF;5
857.3;3.716;0.000;MANUAL;OFF;OFF;5
858.3;3.714;0.000;MANUAL;OFF;OFF;5
859.4;3.712;0.000;MANUAL;OFF;OFF;5
860.4;3.710;0.000;MANUAL;OFF;OFF;5
861.4;3.709;0.000;MANUAL;OFF;OFF;5
862.4;3.709;0.000;MANUAL;OFF;OFF;5
863.4;3.708;0.000;MANUAL;OFF;OFF;5
864.4;3.706;0.000;MANUAL;OFF;OFF;5
865.4;3.705;0.000;MANUAL;OFF;OFF;5
866.4;3.703;0.000;MANUAL;OFF;OFF;5
867.4;3.702;0.000;MANUAL;OFF;OFF;5
868.5;3.702;0.000;MANUAL;OFF;OFF;5
869.5;3.702;0.000;MANUAL;OFF;OFF;5
870.5;3.700;0.000;MANUAL;OFF;OFF;5
871.5;3.699;0.000;MANUAL;OFF;OFF;5
872.5;3.698;0.000;MANUAL;OFF;OFF;5
873.5;3.698;0.000;MANUAL;OFF;OFF;5
874.5;3.696;0.000;MANUAL;OFF;OFF;5
875.5;3.696;0.000;MANUAL;OFF;OFF;5
876.6;3.695;0.000;MANUAL;OFF;OFF;5
877.6;3.695;0.000;MANUAL;OFF;OFF;5
878.6;3.694;0.000;MANUAL;OFF;OFF;5
879.6;3.693;0.000;MANUAL;OFF;OFF;5
880.6;3.693;0.000;MANUAL;OFF;OFF;5
881.6;3.692;0.000;MANUAL;OFF;OFF;5
882.6;3.691;0.000;MANUAL;OFF;OFF;5
883.6;3.691;0.000;MANUAL;OFF;OFF;5
884.6;3.691;0.000;MANUAL;OFF;OFF;5
885.6;3.691;0.000;MANUAL;OFF;OFF;5
886.6;3.690;0.000;MANUAL;OFF;OFF;5
887.6;3.689;0.000;MANUAL;OFF;OFF;5
888.6;3.689;0.000;MANUAL;OFF;OFF;5
889.7;3.688;0.000;MANUAL;OFF;OFF;5
890.7;3.688;0.000;MANUAL;OFF;OFF;5
891.7;3.688;0.000;MANUAL;OFF;OFF;5
892.7;3.688;0.000;MANUAL;OFF;OFF;5
893.7;3.687;0.000;MANUAL;OFF;OFF;5
894.7;3.687;0.000;MANUAL;OFF;OFF;5
895.7;3.686;0.000;MANUAL;OFF;OFF;5
896.7;3.686;0.000;MANUAL;OFF;OFF;5
897.7;3.686;0.000;MANUAL;OFF;OFF;5
898.7;3.685;0.000;MANUAL;OFF;OFF;5
899.8;3.685;0.000;MANUAL;OFF;OFF;5
900.8;3.685;0.000;MANUAL;OFF;OFF;5
901.8;3.685;0.000;MANUAL;OFF;OFF;5
902.8;3.684;0.000;MANUAL;OFF;OFF;5
903.8;3.684;0.000;MANUAL;OFF;OFF;5
904.8;3.684;0.000;MANUAL;OFF;OFF;5
905.8;3.684;0.000;MANUAL;OFF;OFF;5
906.9;3.683;0.000;MANUAL;OFF;OFF;5
907.9;3.683;0.000;MANUAL;OFF;OFF;5
908.9;3.683;0.000;MANUAL;OFF;OFF;5
909.9;3.683;0.000;MANUAL;OFF;OFF;5
910.9;3.682;0.000;MANUAL;OFF;OFF;5
911.9;3.682;0.000;MANUAL;OFF;OFF;5
912.9;3.682;0.000;MANUAL;OFF;OFF;5
913.9;3.682;0.000;MANUAL;OFF;OFF;5
914.9;3.681;0.000;MANUAL;OFF;OFF;5
915.9;3.682;0.000;MANUAL;OFF;OFF;5
916.9;3.682;0.000;MANUAL;OFF;OFF;5
917.9;3.681;0.000;MANUAL;OFF;OFF;5
918.9;3.681;0.000;MANUAL;OFF;OFF;5
919.9;3.681;0.000;MANUAL;OFF;OFF;5
920.9;3.681;0.000;MANUAL;OFF;OFF;5
921.9;3.681;0.000;MANUAL;OFF;OFF;5
923.0;3.681;0.000;MANUAL;OFF;OFF;5
924.0;3.681;0.000;MANUAL;OFF;OFF;5
925.0;3.681;0.000;MANUAL;OFF;OFF;5
926.0;3.681;0.000;MANUAL;OFF;OFF;5
927.0;3.681;0.000;MANUAL;OFF;OFF;5
928.0;3.681;0.000;MANUAL;OFF;OFF;5
929.0;3.680;0.000;MANUAL;OFF;OFF;5
930.0;3.680;0.000;MANUAL;OFF;OFF;5
931.1;3.679;0.000;MANUAL;OFF;OFF;5
932.1;3.679;0.000;MANUAL;OFF;OFF;5
933.1;3.680;0.000;MANUAL;OFF;OFF;5
934.1;3.680;0.000;MANUAL;OFF;OFF;5
935.1;3.680;0.000;MANUAL;OFF;OFF;5
936.1;3.679;0.000;MANUAL;OFF;OFF;5
937.1;3.679;0.000;MANUAL;OFF;OFF;5
938.1;3.679;0.000;MANUAL;OFF;OFF;5
939.2;3.679;0.000;MANUAL;OFF;OFF;5
940.2;3.679;0.000;MANUAL;OFF;OFF;5
941.2;3.679;0.000;MANUAL;OFF;OFF;5
942.2;3.679;0.000;MANUAL;OFF;OFF;5
943.2;3.679;0.000;MANUAL;OFF;OFF;5
944.2;3.679;0.000;MANUAL;OFF;OFF;5
945.2;3.679;0.000;MANUAL;OFF;OFF;5
946.2;3.679;0.000;MANUAL;OFF;OFF;5
947.2;3.679;0.000;MANUAL;OFF;OFF;5
948.2;3.679;0.000;MANUAL;OFF;OFF;5
949.3;3.679;0.000;MANUAL;OFF;OFF;5
950.3;3.679;0.000;MANUAL;OFF;OFF;5
951.3;3.679;0.000;MANUAL;OFF;OFF;5
952.3;3.679;0.000;MANUAL;OFF;OFF;5
953.3;3.679;0.000;MANUAL;OFF;OFF;5
954.3;3.679;0.000;MANUAL;OFF;OFF;5
955.3;3.679;0.000;MANUAL;OFF;OFF;5
956.3;3.679;0.000;MANUAL;OFF;OFF;5
957.3;3.679;0.000;MANUAL;OFF;OFF;5
958.4;3.679;0.000;MANUAL;OFF;OFF;5
959.4;3.679;0.000;MANUAL;OFF;OFF;5
960.4;3.679;0.000;MANUAL;OFF;OFF;5
961.4;3.679;0.000;MANUAL;OFF;OFF;5
962.4;3.679;0.000;MANUAL;OFF;OFF;5
963.4;3.679;0.000;MANUAL;OFF;OFF;5
964.4;3.679;0.000;MANUAL;OFF;OFF;5
965.4;3.679;0.000;MANUAL;OFF;OFF;5
966.4;3.679;0.000;MANUAL;OFF;OFF;5
967.5;3.679;0.000;MANUAL;OFF;OFF;5
968.5;3.679;0.000;MANUAL;OFF;OFF;5
969.5;3.679;0.000;MANUAL;OFF;OFF;5
970.5;3.679;0.000;MANUAL;OFF;OFF;5
971.5;3.679;0.000;MANUAL;OFF;OFF;5
972.5;3.679;0.000;MANUAL;OFF;OFF;5
973.5;3.679;0.000;MANUAL;OFF;OFF;5
974.5;3.679;0.000;MANUAL;OFF;OFF;5
975.5;3.679;0.000;MANUAL;OFF;OFF;5
976.5;3.679;0.000;AUTO;OFF;ON;5
977.6;3.446;0.000;AUTO;OFF;ON;5
978.6;3.438;0.000;AUTO;OFF;ON;5
979.6;3.438;0.000;AUTO;OFF;ON;5
980.6;3.432;0.000;AUTO;OFF;ON;5
981.6;3.426;0.000;AUTO;OFF;ON;5
982.6;3.420;0.000;AUTO;OFF;ON;5
983.6;3.414;0.000;AUTO;OFF;ON;5
984.6;3.409;0.000;AUTO;OFF;ON;5
985.6;3.404;0.000;AUTO;OFF;ON;5
986.6;3.404;0.000;AUTO;OFF;ON;5
987.6;3.399;0.000;AUTO;OFF;ON;5
988.7;3.395;0.000;AUTO;OFF;ON;5
989.7;3.388;0.000;AUTO;OFF;ON;5
990.7;3.383;0.000;AUTO;OFF;ON;5
991.7;3.379;0.000;AUTO;OFF;ON;5
992.7;3.374;0.000;AUTO;OFF;ON;5
993.7;3.370;0.000;AUTO;OFF;ON;5
994.7;3.370;0.000;AUTO;OFF;ON;5
995.7;3.366;0.000;AUTO;OFF;ON;5
996.7;3.361;0.000;AUTO;OFF;ON;5
997.8;3.357;0.000;AUTO;OFF;ON;5
998.8;3.353;0.000;AUTO;OFF;ON;5
999.8;3.348;0.000;AUTO;OFF;ON;5
1000.8;3.344;0.000;AUTO;OFF;ON;5
1001.8;3.340;0.000;AUTO;OFF;ON;5
1002.8;3.340;0.000;AUTO;OFF;ON;5
1003.9;3.336;0.000;AUTO;OFF;ON;5
1004.9;3.331;0.000;AUTO;OFF;ON;5
1005.9;3.328;0.000;AUTO;OFF;ON;5
1006.9;3.322;0.000;AUTO;OFF;ON;5
1007.9;3.319;0.000;AUTO;OFF;ON;5
1008.9;3.314;0.000;AUTO;OFF;ON;5
1009.9;3.310;0.000;AUTO;OFF;ON;5
1010.9;3.310;0.000;AUTO;OFF;ON;5
1011.9;3.305;0.000;AUTO;OFF;ON;5
1012.9;3.301;0.000;AUTO;OFF;ON;5
1013.9;3.297;0.000;AUTO;OFF;ON;5
1015.0;3.293;0.000;AUTO;OFF;ON;5
1016.0;3.289;0.000;AUTO;OFF;ON;5
1017.0;3.284;0.000;AUTO;OFF;ON;5
1018.0;3.280;0.000;AUTO;OFF;ON;5
1019.0;3.280;0.000;AUTO;OFF;ON;5
1020.0;3.275;0.000;AUTO;OFF;ON;5
1021.0;3.272;0.000;AUTO;OFF;ON;5
1022.0;3.267;0.000;AUTO;OFF;ON;5
1023.0;3.262;0.000;AUTO;OFF;ON;5
1024.0;3.258;0.000;AUTO;OFF;ON;5
1025.0;3.254;0.000;AUTO;OFF;ON;5
1026.1;3.254;0.000;AUTO;OFF;ON;5
1027.1;3.249;0.000;AUTO;OFF;ON;5
1028.1;3.244;0.000;AUTO;OFF;ON;5
1029.1;3.240;0.000;AUTO;OFF;ON;5
1030.1;3.235;0.000;AUTO;OFF;ON;5
1031.1;3.230;0.000;AUTO;OFF;ON;5
1032.2;3.226;0.000;AUTO;OFF;ON;5
1033.2;3.221;0.000;AUTO;OFF;ON;5
1034.2;3.221;0.000;AUTO;OFF;ON;5
1035.2;3.216;0.000;AUTO;OFF;ON;5
1036.2;3.212;0.000;AUTO;OFF;ON;5
1037.2;3.207;0.000;AUTO;OFF;ON;5
1038.2;3.202;0.000;AUTO;OFF;ON;5
1039.2;3.197;0.000;AUTO;OFF;ON;5
1040.2;3.192;0.000;AUTO;OFF;ON;5
1041.2;3.187;0.000;AUTO;OFF;ON;5
1042.3;3.187;0.000;AUTO;OFF;ON;5
1043.3;3.183;0.000;AUTO;OFF;ON;5
1044.3;3.177;0.000;AUTO;OFF;ON;5
1045.3;3.173;0.000;AUTO;OFF;ON;5
1046.3;3.167;0.000;AUTO;OFF;ON;5
1047.3;3.162;0.000;AUTO;OFF;ON;5
1048.3;3.156;0.000;AUTO;OFF;ON;5
1049.3;3.151;0.000;AUTO;OFF;ON;5
1050.3;3.151;0.000;AUTO;OFF;ON;5
1051.3;3.146;0.000;AUTO;OFF;ON;5
1052.3;3.140;0.000;AUTO;OFF;ON;5
1053.3;3.134;0.000;AUTO;OFF;ON;5
1054.4;3.129;0.000;AUTO;OFF;ON;5
1055.4;3.123;0.000;AUTO;OFF;ON;5
1056.4;3.117;0.000;AUTO;OFF;ON;5
1057.4;3.117;0.000;AUTO;OFF;ON;5
1058.4;3.112;0.000;AUTO;OFF;ON;5
1059.4;3.105;0.000;AUTO;OFF;ON;5
1060.4;3.099;0.000;AUTO;OFF;ON;5
1061.4;3.093;0.000;AUTO;OFF;ON;5
1062.4;3.087;0.000;AUTO;OFF;ON;5
1063.4;3.080;0.000;AUTO;OFF;ON;5
1064.4;3.074;0.000;AUTO;OFF;ON;5
1065.5;3.074;0.000;AUTO;OFF;ON;5
1066.5;3.067;0.000;AUTO;OFF;ON;5
1067.5;3.061;0.000;AUTO;OFF;ON;5
1068.5;3.054;0.000;AUTO;OFF;ON;5
1069.5;3.047;0.000;AUTO;OFF;ON;5
1070.5;3.040;0.000;AUTO;OFF;ON;5
1071.5;3.033;0.000;AUTO;OFF;ON;5
1072.5;3.033;0.000;AUTO;OFF;ON;5
1073.5;3.026;0.000;AUTO;OFF;ON;5
1074.5;3.018;0.000;AUTO;OFF;ON;5
1075.5;3.011;0.000;AUTO;OFF;ON;5
1076.5;3.002;0.000;AUTO;OFF;ON;5
1077.6;2.994;0.000;AUTO;ON;OFF;5
